session_num,tr_loss_ave,tr_loss_std,tr_mse_ave,tr_mse_std,tr_mae_ave,tr_mae_std,tr_rmse_ave,tr_rmse_std,val_loss_ave,val_loss_std,val_mse_ave,val_mse_std,val_mae_ave,val_mae_std,val_rmse_ave,val_rmse_std,fc_units,lstm_units,epochs,fc_depth,lstm_depth,lr,tr_loss_fold_0,tr_loss_fold_1,tr_loss_fold_2,tr_loss_fold_3,tr_loss_fold_4,tr_loss_fold_5,tr_loss_fold_6,tr_loss_fold_7,tr_loss_fold_8,tr_loss_fold_9,tr_loss_fold_10,tr_loss_fold_11,tr_mse_fold_0,tr_mse_fold_1,tr_mse_fold_2,tr_mse_fold_3,tr_mse_fold_4,tr_mse_fold_5,tr_mse_fold_6,tr_mse_fold_7,tr_mse_fold_8,tr_mse_fold_9,tr_mse_fold_10,tr_mse_fold_11,tr_mae_fold_0,tr_mae_fold_1,tr_mae_fold_2,tr_mae_fold_3,tr_mae_fold_4,tr_mae_fold_5,tr_mae_fold_6,tr_mae_fold_7,tr_mae_fold_8,tr_mae_fold_9,tr_mae_fold_10,tr_mae_fold_11,tr_rmse_fold_0,tr_rmse_fold_1,tr_rmse_fold_2,tr_rmse_fold_3,tr_rmse_fold_4,tr_rmse_fold_5,tr_rmse_fold_6,tr_rmse_fold_7,tr_rmse_fold_8,tr_rmse_fold_9,tr_rmse_fold_10,tr_rmse_fold_11,val_loss_fold_0,val_loss_fold_1,val_loss_fold_2,val_loss_fold_3,val_loss_fold_4,val_loss_fold_5,val_loss_fold_6,val_loss_fold_7,val_loss_fold_8,val_loss_fold_9,val_loss_fold_10,val_loss_fold_11,val_mse_fold_0,val_mse_fold_1,val_mse_fold_2,val_mse_fold_3,val_mse_fold_4,val_mse_fold_5,val_mse_fold_6,val_mse_fold_7,val_mse_fold_8,val_mse_fold_9,val_mse_fold_10,val_mse_fold_11,val_mae_fold_0,val_mae_fold_1,val_mae_fold_2,val_mae_fold_3,val_mae_fold_4,val_mae_fold_5,val_mae_fold_6,val_mae_fold_7,val_mae_fold_8,val_mae_fold_9,val_mae_fold_10,val_mae_fold_11,val_rmse_fold_0,val_rmse_fold_1,val_rmse_fold_2,val_rmse_fold_3,val_rmse_fold_4,val_rmse_fold_5,val_rmse_fold_6,val_rmse_fold_7,val_rmse_fold_8,val_rmse_fold_9,val_rmse_fold_10,val_rmse_fold_11
1,0,0,0,0,0,0,0,0,0.662593979,0.341802964,0.662593979,0.341802964,0.531427881,0.087560688,0.779772443,0.164587784,120,20,0,2,1,0.001,0,0,0,0,0,0,0,0,0,0,0,0,0,0,0,0,0,0,0,0,0,0,0,0,0,0,0,0,0,0,0,0,0,0,0,0,0,0,0,0,0,0,0,0,0,0,0,0,0.374361036,0.382113582,0.525477254,0.534517964,1.505182986,0.69476146,0.561576756,0.424984008,1.174147335,0.737508926,0.546047017,0.490449426,0.374361036,0.382113582,0.525477254,0.534517964,1.505182986,0.69476146,0.561576756,0.424984008,1.174147335,0.737508926,0.546047017,0.490449426,0.429669244,0.427869311,0.493688037,0.513906285,0.725641484,0.556017244,0.530210223,0.466845397,0.657172038,0.569206853,0.514067435,0.492841016,0.605141597,0.615890571,0.72177302,0.729518958,1.149444729,0.825826079,0.748175987,0.647248681,1.033823138,0.845684285,0.73640513,0.698337146
1,0.502205325,0.025567257,0.502205323,0.025567256,0.476306626,0.009943644,0.683926305,0.015002542,0.454989614,0.282839727,0.455081646,0.28285581,0.493814163,0.094926004,0.637108843,0.163353322,120,20,1,2,1,0.001,0.517624495,0.504234746,0.5259664,0.488934948,0.487883378,0.534586603,0.513401675,0.452469751,0.466042257,0.519098064,0.489503835,0.526717751,0.517624489,0.504234749,0.52596639,0.488934945,0.487883375,0.5345866,0.51340167,0.452469743,0.466042265,0.519098057,0.489503836,0.526717756,0.493260061,0.467189922,0.478702225,0.471767894,0.484087985,0.490168003,0.4830768,0.470452894,0.466148062,0.475496124,0.460427403,0.474902134,0.694365545,0.687270091,0.697236961,0.673935587,0.685302041,0.70366417,0.69199493,0.656728257,0.659481032,0.692705455,0.672168821,0.692262766,0.235107728,0.24749585,0.398401369,0.38982113,1.149537638,0.448774064,0.293036461,0.261817842,0.887259611,0.527920522,0.286537514,0.334165643,0.235162654,0.24748205,0.39840145,0.390208265,1.149398152,0.448772258,0.29316295,0.261976173,0.887802484,0.527886373,0.286476355,0.334250594,0.417389112,0.370284223,0.503286603,0.486262615,0.694747742,0.522456834,0.444309986,0.445101455,0.653110614,0.511259542,0.431104666,0.44645656,0.480185202,0.489584212,0.627379629,0.622840838,1.005241622,0.663680012,0.540680898,0.509976691,0.889508071,0.71419239,0.532558993,0.569477556
1,0.246744967,0.030318214,0.246744966,0.030318215,0.342454602,0.034672785,0.471635478,0.028160805,0.444347944,0.255424032,0.444333319,0.255376079,0.474985708,0.116885889,0.611030565,0.156565484,120,20,2,2,1,0.001,0.307304126,0.225305024,0.263680692,0.207915094,0.252364947,0.290371608,0.247252073,0.206973494,0.253750029,0.246669193,0.23419597,0.22515735,0.307304133,0.225305024,0.263680687,0.207915093,0.252364946,0.290371608,0.247252073,0.206973494,0.253750028,0.246669187,0.234195973,0.22515735,0.413121549,0.31170738,0.345504956,0.314879576,0.371485228,0.387344385,0.345501315,0.32572953,0.361404728,0.31499624,0.307833048,0.309947292,0.529060789,0.454795808,0.4878559,0.43550183,0.489384765,0.506697747,0.475035819,0.440258175,0.473925905,0.468994563,0.449793171,0.448321261,0.214723029,0.4618542,0.324724444,0.425611068,1.045415993,0.3962376,0.303668877,0.172614649,0.779890186,0.615817666,0.353322603,0.238295014,0.214799371,0.461894042,0.324780541,0.425533158,1.045242879,0.396089575,0.303652139,0.172674395,0.779736481,0.616096235,0.353130056,0.238370953,0.364384645,0.525365116,0.433978512,0.453138464,0.699568216,0.522884722,0.443168949,0.317472586,0.627943036,0.559041021,0.426032063,0.326851166,0.460770992,0.658982156,0.545116549,0.609627151,0.944104999,0.619031428,0.526446208,0.407481157,0.809434654,0.737547744,0.550355431,0.463468311
1,0.153229924,0.018528614,0.153229924,0.018528614,0.263818122,0.011587068,0.378310312,0.019946165,0.365634832,0.277050192,0.365629887,0.277018671,0.396507826,0.115589306,0.542233759,0.17013047,120,20,3,2,1,0.001,0.177029553,0.160677191,0.186245473,0.11869331,0.145433496,0.143372562,0.155028712,0.139469172,0.147926282,0.172483512,0.149627702,0.142772123,0.177029553,0.160677191,0.186245472,0.11869331,0.145433498,0.143372562,0.155028712,0.139469174,0.147926286,0.172483512,0.1496277,0.142772123,0.292169662,0.266722513,0.2703595,0.246273214,0.266595442,0.264437442,0.265530741,0.259675398,0.256294924,0.26973084,0.253012354,0.255015436,0.40276118,0.391576699,0.411907583,0.339973341,0.372855593,0.367270811,0.379738789,0.364952185,0.370466354,0.399260264,0.372267753,0.366693196,0.208200048,0.344109347,0.149453946,0.339271599,0.78063425,0.3382456,0.318387729,0.140114421,1.052525571,0.36866027,0.186461114,0.16155409,0.208258183,0.344111989,0.149447765,0.339261934,0.780532173,0.338476881,0.318286822,0.140174397,1.052458384,0.368626391,0.186322466,0.161601259,0.323187291,0.464350183,0.267880256,0.394766463,0.542687981,0.417856731,0.41087075,0.27951312,0.649226853,0.41680037,0.299449288,0.291504623,0.439955958,0.567576792,0.381202388,0.560422766,0.822587502,0.561684867,0.5308383,0.367063094,0.900791207,0.577702904,0.405038083,0.391941243
1,0.108477959,0.012233617,0.108477958,0.012233617,0.229809005,0.00914985,0.321389509,0.016232306,0.315192145,0.199096388,0.315204258,0.199062962,0.376940725,0.083741002,0.518715028,0.146586668,120,20,4,2,1,0.001,0.097815456,0.119931734,0.12552898,0.093871865,0.09814129,0.104944109,0.107554707,0.103649853,0.112585278,0.133709617,0.099135698,0.104866918,0.097815456,0.119931734,0.12552898,0.093871866,0.098141288,0.104944108,0.107554707,0.103649854,0.112585278,0.133709616,0.099135697,0.104866918,0.222916164,0.237727041,0.238247349,0.22412564,0.224731858,0.229216853,0.233346197,0.226944039,0.229178251,0.250645326,0.215543827,0.22508552,0.308063282,0.336806189,0.343120813,0.303284989,0.309143085,0.317593493,0.32172274,0.315309571,0.323700916,0.356321465,0.306808844,0.314798724,0.135767128,0.205697426,0.333074751,0.202706231,0.861444034,0.419260376,0.309662902,0.094417061,0.408536468,0.330977506,0.259465971,0.221295884,0.135795837,0.205685951,0.333046565,0.202700233,0.861354791,0.419249447,0.309670106,0.094406689,0.408489412,0.33095564,0.259839029,0.221257394,0.287390607,0.366581923,0.401594154,0.318656956,0.564196717,0.443838044,0.419717635,0.231285418,0.399297709,0.393954996,0.349247932,0.347526614,0.362262477,0.441246548,0.559036752,0.446457604,0.87255146,0.627397384,0.527057822,0.305706548,0.607315202,0.555300432,0.476400463,0.443847641
1,0.085413145,0.005980102,0.085413145,0.005980102,0.204313482,0.006588083,0.28724323,0.009017252,0.357320388,0.287377445,0.357309282,0.287344819,0.384103715,0.094721974,0.529519198,0.166358815,120,20,5,2,1,0.001,0.077554496,0.090252092,0.091320968,0.079724205,0.081512132,0.084613341,0.085474652,0.083562507,0.085273159,0.099335035,0.080190361,0.086144789,0.077554496,0.090252092,0.091320966,0.079724205,0.081512132,0.084613341,0.085474652,0.083562507,0.085273157,0.099335035,0.080190362,0.086144789,0.199188345,0.211303413,0.210065966,0.200789097,0.203719654,0.209373332,0.207124649,0.201097013,0.204102612,0.214451714,0.190461525,0.200084459,0.275339033,0.296267569,0.297062175,0.279386942,0.281858279,0.28760761,0.287751847,0.283980406,0.286599772,0.306554049,0.27725421,0.287256868,0.149262268,0.281882333,0.22690225,0.207680447,1.132739337,0.292470929,0.383019149,0.124445703,0.717070265,0.260987968,0.268654657,0.242729353,0.149294368,0.281855204,0.226894194,0.207649646,1.132634734,0.292445112,0.383021901,0.124462921,0.717027229,0.260971863,0.268700321,0.242753889,0.305607339,0.399745534,0.334883278,0.31003182,0.589803797,0.364277557,0.46142836,0.273295925,0.524050617,0.343374228,0.347535984,0.355210141,0.372870612,0.509920955,0.454018249,0.44045354,0.935736996,0.529406213,0.577922836,0.346445046,0.765151689,0.485369826,0.47452344,0.462410973
1,0.07420491,0.003366858,0.07420491,0.003366858,0.190230129,0.004756671,0.269322349,0.005957845,0.350937155,0.280729851,0.350939745,0.280713852,0.374341288,0.0948895,0.529653243,0.167959747,120,20,6,2,1,0.001,0.067874545,0.078094961,0.074965433,0.073497057,0.071646801,0.073955712,0.07612197,0.073885941,0.074033477,0.081121667,0.071018631,0.074242722,0.067874546,0.078094961,0.074965433,0.073497057,0.071646801,0.073955712,0.07612197,0.073885941,0.074033477,0.081121667,0.07101863,0.074242722,0.182423322,0.196362012,0.191124068,0.189386077,0.187984513,0.194445737,0.19424028,0.19029181,0.188799091,0.196420724,0.181936954,0.189346958,0.257838547,0.277427085,0.271591811,0.268567928,0.265184625,0.26960799,0.272717518,0.268864143,0.267873895,0.280066967,0.26294527,0.269182411,0.122347803,0.188926412,0.223225149,0.25400568,1.152756511,0.347896511,0.372084572,0.141932614,0.583052334,0.317984102,0.282644087,0.224390086,0.12234945,0.188921579,0.223222848,0.254016549,1.152719603,0.347891002,0.372085771,0.141958104,0.583023158,0.317921726,0.282770473,0.224396674,0.253560813,0.336450666,0.328919378,0.339301504,0.602229298,0.396959789,0.459923762,0.274164874,0.457452665,0.371979858,0.337435048,0.333717803,0.340065347,0.422784863,0.451131439,0.492272498,0.958994928,0.572936912,0.569544473,0.368865858,0.710525232,0.5376566,0.484687136,0.446373631
1,0.067929793,0.002978636,0.067929793,0.002978636,0.180653623,0.004952789,0.257916571,0.005716896,0.351973135,0.272997923,0.35197342,0.272950022,0.359388187,0.092939263,0.525061253,0.168662299,120,20,7,2,1,0.001,0.06233056,0.071747423,0.067890841,0.067979236,0.065731325,0.069188034,0.068539079,0.068625502,0.066455755,0.073536265,0.064686247,0.068447252,0.06233056,0.071747422,0.067890842,0.067979236,0.065731325,0.069188034,0.068539079,0.068625502,0.066455755,0.073536265,0.064686247,0.068447252,0.172452527,0.184831553,0.181612255,0.182994679,0.178868139,0.185934521,0.182550751,0.181528178,0.177622596,0.188144615,0.171914117,0.179389547,0.24727652,0.265555069,0.258238444,0.258652053,0.25397643,0.260689284,0.258913299,0.259575114,0.254351443,0.267897045,0.251046166,0.258827986,0.107771279,0.197978871,0.210127846,0.228644225,1.063506382,0.383025136,0.384818924,0.126409961,0.695394828,0.334575031,0.269191191,0.222233947,0.107916859,0.197946931,0.210125796,0.228644925,1.063426564,0.383004664,0.384830443,0.126575747,0.695314362,0.334562745,0.269113313,0.222218693,0.226165291,0.335196057,0.306922221,0.316525124,0.549833395,0.419125224,0.452327654,0.248898167,0.453955746,0.354833326,0.323815202,0.32506084,0.321926535,0.431221191,0.437742097,0.466301457,0.918397384,0.601173855,0.578290916,0.350755901,0.744379394,0.538084574,0.468522544,0.443939186
1,0.063433928,0.002817726,0.063433928,0.002817726,0.172433532,0.004613298,0.249398618,0.005700183,0.327765205,0.276391109,0.32777089,0.276363324,0.338906656,0.097865538,0.504879301,0.175588453,120,20,8,2,1,0.001,0.058747636,0.066708626,0.062622838,0.064714334,0.061302421,0.065670146,0.064102267,0.064603573,0.061150138,0.068213588,0.059838964,0.063532605,0.058747636,0.066708625,0.062622838,0.064714334,0.061302421,0.065670146,0.064102267,0.064603574,0.061150138,0.068213589,0.059838964,0.063532605,0.166235954,0.177138864,0.171665189,0.174696385,0.171124256,0.179019244,0.174053054,0.174928035,0.167799328,0.176411505,0.163680526,0.172450043,0.239826339,0.256580043,0.248393827,0.252222744,0.245530175,0.254023262,0.250553093,0.251987931,0.244296354,0.25806828,0.241679125,0.249622245,0.111592645,0.142602505,0.170244932,0.206396393,1.06537232,0.360059952,0.348077777,0.109255373,0.652668249,0.288149047,0.282582198,0.196181065,0.111592542,0.142572173,0.170311037,0.206396938,1.065313834,0.360038039,0.348085038,0.109341136,0.652623874,0.288221534,0.282569908,0.196184626,0.218082779,0.269473651,0.275206978,0.303503673,0.547722026,0.395037494,0.417129396,0.22743822,0.45510917,0.324772779,0.334541278,0.298862429,0.321408311,0.369446982,0.401560016,0.445092941,0.922730589,0.582568251,0.552821109,0.328035282,0.729482148,0.509663597,0.477153248,0.418589136
1,0.059994346,0.002443614,0.059994346,0.002443614,0.166432786,0.004480637,0.242624952,0.005083074,0.319211648,0.283690777,0.319200418,0.283672056,0.328449866,0.102299261,0.492950629,0.182725936,120,20,9,2,1,0.001,0.055646411,0.062348691,0.059552069,0.061513125,0.058489877,0.061927845,0.060389275,0.061752913,0.058028158,0.063724584,0.056573385,0.059985821,0.055646411,0.062348692,0.059552068,0.061513125,0.058489878,0.061927845,0.060389274,0.061752913,0.05802816,0.063724583,0.056573385,0.05998582,0.159176145,0.169491378,0.165701407,0.170723051,0.16601072,0.172499486,0.167405294,0.169519152,0.163513728,0.169868048,0.158022272,0.165262756,0.233345475,0.247936818,0.242046282,0.246064167,0.239879903,0.246762995,0.243319933,0.246264275,0.238547828,0.249477407,0.235157967,0.242696377,0.083654962,0.159041645,0.20134484,0.136654743,1.060910129,0.361348,0.351283181,0.098436395,0.679818866,0.236542109,0.267764312,0.193740595,0.083668073,0.159025191,0.201344649,0.136633751,1.060842488,0.36133155,0.351287713,0.098455953,0.679794041,0.236512291,0.267767714,0.193741594,0.193424336,0.278093643,0.308886475,0.235488856,0.528575126,0.400890411,0.412254264,0.209239572,0.457249209,0.294854676,0.326725809,0.295716014,0.284372937,0.388882752,0.42804393,0.363574611,0.914989427,0.58416468,0.556202413,0.31201176,0.740316841,0.463102683,0.463311584,0.41643393
1,0.057061,0.002564087,0.057061,0.002564087,0.160828332,0.004740139,0.236672327,0.005470424,0.324061583,0.273857659,0.32405195,0.273844893,0.329801342,0.103139992,0.498674339,0.177061643,120,20,10,2,1,0.001,0.052160122,0.059357371,0.05669771,0.058310612,0.054901504,0.059988507,0.057563798,0.058890265,0.055346255,0.060372066,0.053816415,0.057327378,0.052160122,0.059357371,0.05669771,0.058310612,0.054901504,0.059988507,0.057563798,0.058890265,0.055346255,0.060372066,0.053816414,0.057327379,0.153396932,0.163612718,0.159446546,0.164520384,0.159249283,0.168197078,0.161543472,0.164735237,0.158268633,0.163927487,0.151894517,0.161147699,0.226074379,0.24213417,0.236126818,0.239700931,0.232447069,0.242850278,0.237619934,0.240592736,0.232827623,0.242788537,0.229430677,0.237474775,0.140993013,0.130916343,0.230471933,0.135260066,1.052044833,0.354708223,0.345468928,0.084450404,0.647834971,0.241150564,0.292336528,0.233103194,0.140996709,0.13093609,0.230462327,0.135300737,1.052023012,0.354706651,0.345469877,0.084454899,0.647786943,0.24110913,0.292272571,0.233104455,0.227983848,0.247181552,0.324049491,0.232853956,0.549403901,0.39803945,0.407649336,0.189429404,0.430593968,0.291952685,0.337988728,0.32048978,0.360215478,0.3553174,0.451791002,0.361472042,0.921946698,0.57700491,0.551208748,0.288645521,0.718565974,0.46499106,0.480355251,0.452577989
1,0.054691957,0.002564449,0.054691957,0.002564449,0.15647028,0.004586522,0.231709487,0.00558315,0.343569331,0.28113926,0.343558077,0.281125001,0.33608446,0.105518105,0.508945855,0.179895574,120,20,11,2,1,0.001,0.049369527,0.057084216,0.054501702,0.056307904,0.052893383,0.057485042,0.054641,0.056832131,0.05287821,0.057474208,0.051723018,0.055113146,0.049369526,0.057084216,0.054501702,0.056307904,0.052893382,0.057485042,0.054641,0.05683213,0.05287821,0.057474207,0.051723017,0.055113146,0.148628373,0.159975506,0.156562992,0.160038844,0.154769567,0.163883021,0.156722263,0.160640198,0.153515095,0.158170622,0.148882369,0.155854507,0.220015374,0.237215699,0.231611082,0.23558176,0.228207896,0.237660193,0.231417296,0.23650966,0.227619965,0.236887223,0.224980759,0.232806932,0.11777953,0.16866779,0.279618884,0.118214904,1.029361123,0.331032652,0.368637252,0.084777777,0.764484696,0.293019607,0.346880653,0.220357105,0.117786078,0.168615505,0.279614545,0.118221879,1.029303842,0.331019132,0.36864897,0.084798432,0.764466019,0.292979761,0.34688191,0.220360849,0.197658185,0.279133007,0.347388689,0.215956944,0.518510581,0.3747493,0.417361813,0.185560085,0.475737999,0.330886376,0.374891986,0.315178558,0.331292097,0.397211231,0.491026926,0.338390878,0.902059754,0.557263534,0.567470595,0.290009867,0.772860077,0.503795532,0.514763734,0.441206031
1,0.052424461,0.002551046,0.052424461,0.002551045,0.15207755,0.004847072,0.226950703,0.005640806,0.366014865,0.343422787,0.366026393,0.343403266,0.352388856,0.135869754,0.519207928,0.195733638,120,20,12,2,1,0.001,0.047180468,0.054267082,0.052359425,0.05421963,0.049727369,0.055426315,0.052793856,0.054419765,0.051149926,0.054785153,0.049421169,0.053343376,0.047180468,0.054267082,0.052359425,0.054219629,0.049727369,0.055426316,0.052793855,0.054419764,0.051149926,0.054785152,0.049421169,0.053343375,0.144104989,0.153781155,0.15053494,0.157373816,0.150394559,0.159206828,0.15265186,0.156914551,0.149691299,0.153869496,0.143447787,0.152959324,0.215128778,0.231375238,0.226999302,0.231080861,0.221528327,0.233311845,0.227659235,0.231608082,0.224133004,0.231470559,0.219989377,0.229123834,0.106551752,0.14393162,0.225765593,0.219259227,1.341379546,0.330666084,0.341995344,0.087543555,0.671770121,0.34510462,0.327961208,0.250249716,0.106646942,0.143892581,0.225769557,0.219259547,1.341363933,0.330666938,0.341996336,0.087653751,0.671734743,0.345136896,0.327942534,0.250252951,0.178759249,0.252757029,0.313063205,0.313628227,0.695028814,0.375803502,0.40937476,0.183730584,0.449081376,0.367660671,0.362286405,0.327492455,0.317334483,0.368742585,0.445951255,0.443635488,1.015480582,0.557286764,0.546785736,0.294951681,0.730826522,0.540530044,0.500631432,0.468338563
1,0.050527207,0.002480152,0.050527207,0.002480152,0.148403727,0.004490243,0.222764178,0.005620935,0.367364533,0.369860162,0.36736936,0.369857497,0.341423324,0.152242145,0.510688258,0.21649012,120,20,13,2,1,0.001,0.0450861,0.052018903,0.050416617,0.052312672,0.047740805,0.053386005,0.0512176,0.052628622,0.049507801,0.052368474,0.048035837,0.051607046,0.0450861,0.052018903,0.050416617,0.052312672,0.047740805,0.053386005,0.051217599,0.052628622,0.0495078,0.052368474,0.048035837,0.051607046,0.14033495,0.149418518,0.148279526,0.152433921,0.14575643,0.155916875,0.149514584,0.152959196,0.146562662,0.149248356,0.14137281,0.149046898,0.210063989,0.226403812,0.222720375,0.227017518,0.216965033,0.229042431,0.224167182,0.227560417,0.220489912,0.226296964,0.217069352,0.225373149,0.082275731,0.153124556,0.274855875,0.104658219,1.371847661,0.311247533,0.38905746,0.082170853,0.785922919,0.271379518,0.361560166,0.220273909,0.082281081,0.153136643,0.274853881,0.104657548,1.371843265,0.311236472,0.389126079,0.082182847,0.785912232,0.271346956,0.361582181,0.220273138,0.147470803,0.254072685,0.32346231,0.202734382,0.699746268,0.354427174,0.43637106,0.173307095,0.489283243,0.326382438,0.378030361,0.311792064,0.279069427,0.37814189,0.487624032,0.318514393,1.030427758,0.538379958,0.583450784,0.284396533,0.782065083,0.483798728,0.522199568,0.440190942
1,0.04863959,0.00252453,0.04863959,0.00252453,0.144730927,0.004632296,0.21858195,0.005850378,0.378960698,0.334275161,0.378950799,0.334271688,0.350479207,0.144251801,0.522587611,0.201452859,120,20,14,2,1,0.001,0.043046317,0.050065752,0.048334518,0.050119235,0.045612092,0.051483143,0.049390986,0.050644758,0.04788208,0.050735096,0.046272484,0.050088623,0.043046317,0.050065752,0.048334518,0.050119235,0.045612092,0.051483143,0.049390986,0.050644758,0.04788208,0.050735096,0.046272484,0.050088623,0.136110995,0.145700692,0.143936622,0.149302355,0.141746907,0.151815654,0.146148216,0.149287655,0.143225724,0.146702063,0.137588084,0.145206152,0.20530393,0.222193549,0.218028211,0.222327372,0.212210489,0.225091232,0.220157691,0.223238524,0.216771092,0.222670899,0.212841268,0.222149138,0.064584703,0.159407081,0.23429682,0.282353939,1.236808673,0.29404143,0.383801281,0.080536989,0.82443314,0.385666909,0.367650481,0.233946925,0.064583463,0.159356922,0.234294289,0.282342431,1.236782658,0.294035355,0.383796855,0.080547768,0.824430783,0.385661283,0.367632728,0.233945048,0.1168567,0.260602642,0.297968537,0.342215934,0.65497459,0.345109391,0.429300488,0.165708177,0.516896301,0.378598761,0.378932346,0.318586621,0.247408263,0.384867613,0.453801912,0.494259598,0.973687544,0.523488389,0.575366581,0.281528201,0.796547489,0.56386565,0.524649618,0.451580472
1,0.047122057,0.002614699,0.047122057,0.002614699,0.141616083,0.004617171,0.215107907,0.00615538,0.371540759,0.357971241,0.371539454,0.357960956,0.341271895,0.14965565,0.511433608,0.217179507,120,20,15,2,1,0.001,0.04100965,0.048582321,0.046911058,0.048782927,0.043954898,0.050108055,0.048221633,0.048828957,0.046318932,0.04898144,0.045206186,0.048558622,0.04100965,0.048582321,0.046911059,0.048782928,0.043954898,0.050108055,0.048221632,0.048828957,0.046318933,0.048981439,0.045206186,0.048558622,0.132679517,0.14260961,0.141267912,0.146247866,0.138498295,0.148725959,0.142886502,0.146813711,0.139670338,0.142324202,0.135412887,0.142256195,0.200274542,0.218769109,0.214741887,0.219351984,0.208375726,0.221845424,0.217471096,0.21928232,0.213252662,0.218761284,0.210453288,0.218715561,0.028386115,0.201834165,0.24194578,0.248824748,1.342596269,0.259229236,0.409290807,0.085905585,0.776503694,0.29968123,0.343182915,0.221108564,0.028383281,0.201781249,0.2419703,0.248874029,1.342558348,0.259225634,0.409316041,0.085908866,0.776495208,0.299728018,0.34312634,0.221106134,0.083494364,0.303643736,0.292438965,0.32408211,0.675733974,0.309466386,0.439429983,0.165792466,0.486255692,0.338506487,0.365305892,0.31111268,0.165027844,0.428607798,0.461817285,0.469110401,1.015417108,0.490527108,0.594064876,0.285003052,0.776022,0.503763786,0.507912296,0.439929739
1,0.045798293,0.002701431,0.045798294,0.002701431,0.139090784,0.004485118,0.212058197,0.006388336,0.387875624,0.368815918,0.387878616,0.368806014,0.346306841,0.157964279,0.518231252,0.225877265,120,20,16,2,1,0.001,0.03947278,0.047366107,0.045579316,0.047222084,0.042362003,0.049041585,0.046899642,0.047329708,0.044892285,0.047709221,0.044214389,0.047490401,0.03947278,0.047366107,0.045579316,0.047222085,0.042362003,0.049041586,0.046899642,0.047329708,0.044892286,0.04770922,0.04421439,0.047490401,0.130489062,0.139700993,0.138258627,0.14219732,0.135747214,0.146587766,0.14146437,0.143724798,0.137845139,0.140365688,0.132895369,0.139813058,0.196700918,0.215912674,0.211675254,0.215628862,0.204558666,0.21946431,0.214677025,0.215888732,0.20986149,0.215953679,0.208147277,0.216229475,0.024401853,0.226092845,0.212320708,0.221851164,1.320073748,0.318033452,0.404003051,0.080761034,0.922861258,0.325676253,0.350967043,0.24746508,0.024444705,0.226105767,0.212320801,0.221847573,1.32005922,0.31802933,0.403998677,0.080763619,0.922846011,0.325671086,0.350989276,0.247467327,0.072912343,0.304971054,0.26786661,0.301230288,0.668550485,0.363714779,0.432436425,0.159632834,0.551577748,0.343522806,0.369960161,0.319306557,0.149320056,0.452953385,0.431666791,0.44187377,1.008364111,0.536274846,0.588455674,0.278181419,0.836726808,0.517714479,0.513532497,0.463711184
1,0.044400006,0.002840447,0.044400006,0.002840447,0.136097663,0.004343155,0.208747702,0.006894223,0.371754183,0.354589858,0.371758081,0.354583588,0.338276446,0.151903618,0.508640628,0.21791633,120,20,17,2,1,0.001,0.037144404,0.046078596,0.044691651,0.045695249,0.041466962,0.047342609,0.04561903,0.045640472,0.043599092,0.046216974,0.042759291,0.04654574,0.037144404,0.046078596,0.044691651,0.04569525,0.041466962,0.047342609,0.045619031,0.045640473,0.043599092,0.046216973,0.042759291,0.04654574,0.126974113,0.137544143,0.136272506,0.139619629,0.133792249,0.142654157,0.137527611,0.139571657,0.134198599,0.136659418,0.129934786,0.138423091,0.190691749,0.212930333,0.209597023,0.212138805,0.202473674,0.215549369,0.211572922,0.211866791,0.206807615,0.212493963,0.204679155,0.214171033,0.023732124,0.234569881,0.199702613,0.230779531,1.301907885,0.359170575,0.357534752,0.087924277,0.836663467,0.26392093,0.326604721,0.238539438,0.023731879,0.234516535,0.199727507,0.2307791,1.301882681,0.359168292,0.35753367,0.087923219,0.836666693,0.263947685,0.326683139,0.238536567,0.072380169,0.305329474,0.253104046,0.293570012,0.648323738,0.401970571,0.412813606,0.166715501,0.526304677,0.30657376,0.360998054,0.311233739,0.148589903,0.459847233,0.419882503,0.445696441,0.997207785,0.563001351,0.554006895,0.291491454,0.797359169,0.472388292,0.499238282,0.454978233
1,0.043314834,0.00294915,0.043314834,0.00294915,0.134179636,0.004555571,0.206167078,0.007257552,0.391121433,0.351061059,0.391131716,0.351050022,0.341869076,0.152742061,0.51995521,0.219416985,120,20,18,2,1,0.001,0.035907388,0.044671186,0.043263201,0.045083366,0.039980125,0.046646613,0.044622195,0.044506292,0.042649562,0.045192085,0.041850444,0.045405556,0.035907388,0.044671187,0.043263201,0.045083366,0.039980125,0.046646613,0.044622194,0.044506292,0.042649562,0.045192085,0.041850444,0.045405556,0.124002956,0.134295412,0.13365141,0.138395392,0.131404972,0.141348902,0.13660369,0.137323469,0.132421413,0.135510032,0.129286844,0.135911136,0.187371927,0.209615652,0.206141114,0.210628721,0.198818899,0.213973291,0.209381376,0.209189136,0.204528677,0.210220517,0.202640575,0.211495046,0.021602294,0.230940401,0.193495083,0.265847936,1.270263058,0.382169342,0.385775983,0.090149723,0.892218676,0.332257446,0.380710462,0.248026796,0.021601369,0.230953552,0.193517686,0.265878021,1.270244796,0.382166725,0.385771754,0.090210493,0.892222901,0.33225334,0.380729785,0.248030169,0.065724067,0.303558708,0.241885397,0.305830942,0.63935417,0.399335071,0.418039499,0.171119999,0.537116719,0.331598562,0.380592955,0.308272825,0.14197792,0.454756006,0.41385077,0.479744502,0.985474959,0.565903416,0.575024916,0.286159199,0.81960973,0.51954228,0.533207484,0.46421134
1,0.042342999,0.003023153,0.042342999,0.003023153,0.131909862,0.004589822,0.203777981,0.007533425,0.373571438,0.342670364,0.373562992,0.342670398,0.333265506,0.147653679,0.510370308,0.213657369,120,20,19,2,1,0.001,0.034800902,0.043716477,0.042119863,0.044290411,0.038614568,0.045138913,0.044102167,0.043403504,0.041549509,0.044014871,0.041291569,0.045073236,0.034800902,0.043716476,0.042119863,0.044290411,0.038614568,0.045138913,0.044102167,0.043403504,0.04154951,0.044014871,0.041291569,0.045073236,0.122075617,0.131588699,0.131347776,0.136147255,0.127986806,0.137946684,0.134556918,0.136595694,0.129967627,0.133320038,0.12701006,0.134375174,0.184520686,0.207325567,0.203427013,0.208814087,0.195261305,0.21047669,0.208058693,0.206679733,0.201717596,0.207323314,0.201086348,0.210644745,0.021498164,0.195649204,0.164068899,0.214133722,1.237038823,0.329686332,0.350520495,0.160444377,0.873110836,0.343092776,0.371031673,0.222581962,0.021497616,0.195594534,0.164068236,0.214138603,1.237035814,0.329685442,0.350535844,0.160467198,0.87310596,0.343075362,0.370971808,0.222579488,0.064083899,0.278331661,0.214662882,0.26702378,0.626618906,0.380153332,0.392361293,0.23137517,0.533290197,0.345310076,0.375431186,0.290543686,0.141262536,0.421598067,0.381147114,0.432933305,0.974294251,0.538086941,0.552165597,0.369143344,0.813755932,0.531434913,0.527886763,0.440734938
1,0.041294691,0.00291315,0.041294691,0.002913151,0.129922989,0.004276484,0.201252957,0.007335717,0.369974313,0.366277094,0.369971011,0.366272338,0.321141431,0.153407047,0.500596513,0.223385888,120,20,20,2,1,0.001,0.034035334,0.042741049,0.041240589,0.043001466,0.038123189,0.044340721,0.042833578,0.041946748,0.040288646,0.042991525,0.039918563,0.044074889,0.034035334,0.042741049,0.041240589,0.043001466,0.038123188,0.044340721,0.042833578,0.041946748,0.040288645,0.042991525,0.039918563,0.044074889,0.120533063,0.130449967,0.129695097,0.133094303,0.128381173,0.136352876,0.132372177,0.133198685,0.127382551,0.130600818,0.124555081,0.132460073,0.182382379,0.205076295,0.20128597,0.205646266,0.194283022,0.208619768,0.205002705,0.203015124,0.198705228,0.204839487,0.197807355,0.20837189,0.024160589,0.217553944,0.134144006,0.236078434,1.329363469,0.303235441,0.395721465,0.114320863,0.857420852,0.302509065,0.302989474,0.222194156,0.024197436,0.217495967,0.134146917,0.236078531,1.329351904,0.303239032,0.395716224,0.114322771,0.857414585,0.302489232,0.303007622,0.222191912,0.066042951,0.289176245,0.1860888,0.256754396,0.640456975,0.351667394,0.414674883,0.182228172,0.516788643,0.313781485,0.341448037,0.294589196,0.148801238,0.448017755,0.344279238,0.438854129,1.006767824,0.50761277,0.580388698,0.313030041,0.803660392,0.500030039,0.478282995,0.437433038
1,0.040274795,0.002775431,0.040274795,0.002775431,0.127788154,0.003887588,0.198748123,0.007056645,0.337609237,0.338547445,0.337602526,0.338546463,0.303731071,0.152462072,0.475862473,0.221644834,120,20,21,2,1,0.001,0.03337596,0.042069616,0.040329356,0.041746379,0.03735989,0.0434933,0.041762844,0.040090846,0.039311268,0.041807737,0.039188221,0.042762127,0.033375959,0.042069616,0.040329355,0.041746379,0.03735989,0.0434933,0.041762844,0.040090846,0.039311268,0.041807737,0.039188222,0.042762127,0.119027061,0.128641934,0.127858547,0.130976021,0.125702124,0.134111953,0.130303848,0.129650959,0.125998836,0.128420788,0.123475874,0.129289903,0.180717334,0.203374567,0.199034448,0.202705171,0.192093878,0.206633302,0.202383117,0.198416798,0.196322027,0.202014754,0.196058248,0.205223838,0.021901883,0.185839642,0.159276973,0.142660294,1.165964221,0.30339699,0.30490967,0.057833823,0.869516364,0.294661537,0.337315207,0.208034234,0.021895507,0.185793114,0.159278876,0.142657397,1.165954359,0.303412457,0.304912275,0.057830885,0.869509215,0.294684645,0.337265677,0.208035901,0.061591099,0.264594073,0.201134484,0.215618713,0.610359938,0.350170334,0.361621826,0.125495677,0.511751723,0.299349643,0.353282566,0.289802783,0.142628454,0.413470854,0.370378774,0.354461997,0.948040922,0.511002075,0.515862622,0.230448322,0.807464222,0.491316052,0.501525514,0.423749863
1,0.039450158,0.002707102,0.039450158,0.002707102,0.126174877,0.003934514,0.196669483,0.006949779,0.328685044,0.34366108,0.328690647,0.343657356,0.290954965,0.150840676,0.467812602,0.222005719,120,20,22,2,1,0.001,0.032652799,0.041287357,0.040179756,0.040668574,0.036891902,0.042735708,0.040504255,0.038569189,0.03790709,0.040481698,0.039556884,0.041966681,0.032652799,0.041287357,0.040179756,0.040668575,0.036891902,0.042735709,0.040504255,0.038569189,0.037907091,0.040481698,0.039556884,0.041966681,0.116725112,0.127040088,0.127024668,0.129491484,0.124880571,0.132866502,0.128153088,0.127198483,0.123591251,0.125946068,0.123389315,0.12779189,0.178788293,0.201413757,0.19849883,0.200168858,0.190865402,0.204775346,0.199330969,0.194501949,0.192748987,0.198792254,0.196974849,0.203174304,0.030735528,0.20754274,0.127970473,0.138521171,1.231141508,0.283419392,0.34241455,0.04076303,0.77434177,0.23277819,0.31379785,0.220794326,0.030796477,0.207485239,0.12797007,0.138520795,1.231143058,0.283427354,0.342451604,0.040774387,0.774342683,0.232801666,0.313782912,0.220791523,0.082905564,0.272360379,0.169382656,0.190231546,0.603386661,0.318662752,0.377562259,0.103618861,0.485250962,0.26549155,0.338892268,0.283714122,0.166530006,0.435167932,0.333562317,0.348667998,0.965407145,0.491621688,0.54562248,0.196942581,0.764838609,0.439933429,0.48966307,0.43579397
1,0.038411402,0.002680518,0.038411402,0.002680519,0.124360842,0.003619964,0.194051423,0.006901215,0.314268327,0.343586442,0.314270898,0.343588877,0.276379856,0.154089843,0.454193255,0.223940767,120,20,23,2,1,0.001,0.032358579,0.040494564,0.038051355,0.039925549,0.035532795,0.041493207,0.040058324,0.036614805,0.037086672,0.039703476,0.03829466,0.041322838,0.032358579,0.040494564,0.038051355,0.039925548,0.035532794,0.041493207,0.040058324,0.036614805,0.037086672,0.039703476,0.03829466,0.041322839,0.116154938,0.125846797,0.123492094,0.127288573,0.122850951,0.130035204,0.127497653,0.124579097,0.12206266,0.12488674,0.121101016,0.126534375,0.177934048,0.199465452,0.193304715,0.198216646,0.18751336,0.201653359,0.19816376,0.189373119,0.19067558,0.196861583,0.193774939,0.201680517,0.025728377,0.21525645,0.07446363,0.199013167,1.287679765,0.200023185,0.28323795,0.03986244,0.607376366,0.2792505,0.344249799,0.215078294,0.025723665,0.215216245,0.074459122,0.199010502,1.287678139,0.200025209,0.283233721,0.039867238,0.607381931,0.279230622,0.344348044,0.215076338,0.068997357,0.273626976,0.112569744,0.210433506,0.624427338,0.261247488,0.332741725,0.092678735,0.427168823,0.279998766,0.353420703,0.279247112,0.153937849,0.447234201,0.254082229,0.397701445,0.990248419,0.420625452,0.500209886,0.18787858,0.683421698,0.475255743,0.509882823,0.429840739
1,0.037608554,0.002682613,0.037608554,0.002682613,0.122777074,0.003577382,0.191971905,0.006936091,0.302890321,0.320905786,0.302895789,0.320903723,0.269135749,0.147904648,0.447621062,0.213044954,120,20,24,2,1,0.001,0.032364276,0.039702977,0.037315381,0.039041681,0.03441682,0.041104736,0.038814437,0.034782488,0.036647833,0.038895375,0.037347221,0.04086942,0.032364276,0.039702977,0.037315381,0.039041681,0.03441682,0.041104736,0.038814437,0.034782488,0.036647833,0.038895375,0.037347221,0.04086942,0.115219283,0.123989471,0.122565672,0.125472385,0.121041062,0.129858876,0.124857403,0.121826309,0.120939301,0.123170303,0.119716353,0.124668466,0.177851961,0.19758895,0.191286472,0.196010732,0.184574347,0.200822353,0.194922183,0.184653381,0.189367942,0.194794523,0.191386766,0.200403253,0.045036668,0.194883139,0.100842031,0.115647057,1.178207035,0.316022671,0.26335167,0.049792423,0.655810329,0.17727249,0.314366175,0.223452159,0.045027643,0.194898501,0.100845034,0.115646649,1.178215273,0.31602293,0.263390468,0.049837868,0.655797414,0.177249876,0.314367028,0.223450783,0.09424067,0.253801701,0.122859761,0.162734373,0.603374691,0.312228105,0.314862739,0.101263512,0.429654547,0.215786731,0.335783603,0.283038559,0.192889664,0.42350691,0.283345092,0.318837423,0.950867914,0.506966836,0.484884681,0.200621748,0.704230898,0.387036355,0.484307788,0.433957433
1,0.036917004,0.002572094,0.036917004,0.002572093,0.121543841,0.003572263,0.190221587,0.006700041,0.291174899,0.361079285,0.291174718,0.361084736,0.252451063,0.14916268,0.430881799,0.223730263,120,20,25,2,1,0.001,0.031671976,0.039025309,0.036235294,0.038380005,0.034033557,0.040609985,0.037793181,0.03483348,0.035543695,0.038351377,0.03692453,0.039601656,0.031671976,0.03902531,0.036235294,0.038380005,0.034033558,0.040609985,0.037793181,0.03483348,0.035543695,0.038351376,0.03692453,0.039601655,0.113470233,0.122606628,0.120959577,0.124344694,0.120091528,0.128084987,0.12383401,0.121762361,0.119999239,0.121830713,0.118319324,0.123222795,0.175925388,0.195811623,0.188561148,0.194327018,0.183418054,0.199458552,0.192358694,0.185053189,0.186732303,0.193551674,0.190004239,0.197457167,0.134302968,0.187040371,0.068457261,0.106536388,1.270840219,0.148546319,0.165931675,0.036027106,0.764787914,0.151116264,0.267620655,0.192891652,0.134299371,0.186982964,0.068495073,0.106533838,1.270856395,0.148552024,0.165942819,0.036025953,0.764811198,0.151138179,0.267565879,0.192892923,0.189928648,0.24862188,0.109860159,0.147362661,0.625921015,0.205661907,0.230845606,0.083702133,0.432627169,0.191787564,0.303867832,0.259226182,0.324658736,0.416759534,0.239037451,0.30436895,0.984901354,0.365493717,0.392772349,0.174376387,0.750184594,0.361331315,0.451261477,0.40543573
1,0.036096041,0.002703179,0.036096041,0.002703179,0.119941093,0.003603366,0.188044231,0.007147462,0.273097717,0.321031559,0.273107718,0.321031019,0.240200519,0.141345594,0.41852121,0.215002376,120,20,26,2,1,0.001,0.03055314,0.038177734,0.034682885,0.038111192,0.032976215,0.039580033,0.036810997,0.034413435,0.034613491,0.037168318,0.036767156,0.039297901,0.030553139,0.038177734,0.034682885,0.038111192,0.032976215,0.039580033,0.036810998,0.034413435,0.034613491,0.037168319,0.036767156,0.039297901,0.1116438,0.120993922,0.118918111,0.123036576,0.117844593,0.126543873,0.122101277,0.119789265,0.118263594,0.120152673,0.118172839,0.12183259,0.17290148,0.193729435,0.184449022,0.193588789,0.180534478,0.196932214,0.189682387,0.183337117,0.184370336,0.190614826,0.18978581,0.196604875,0.022355031,0.148457729,0.083049096,0.173934705,1.194772838,0.253052801,0.166062965,0.056138999,0.551600049,0.152634103,0.293679485,0.181434802,0.022351382,0.148404431,0.083049023,0.173958282,1.194770693,0.253064015,0.166086057,0.056182173,0.551640153,0.152669708,0.293681573,0.181435128,0.0703617,0.218335482,0.10919986,0.169906397,0.59516666,0.278999889,0.222432377,0.109563563,0.358801162,0.182922138,0.31784317,0.248873828,0.145284599,0.374179644,0.243059813,0.366563431,0.958705227,0.463647011,0.387944085,0.21169579,0.65185824,0.362083572,0.467304228,0.389928886
1,0.035477294,0.002554095,0.035477294,0.002554095,0.118795689,0.003491151,0.186491099,0.006734194,0.27790673,0.354333201,0.277911258,0.354340109,0.234034491,0.149478113,0.413631082,0.229048768,120,20,27,2,1,0.001,0.03060821,0.037695236,0.033809722,0.036784803,0.032569238,0.038731037,0.036816043,0.034367365,0.03355293,0.036340869,0.035493004,0.038959071,0.03060821,0.037695236,0.033809723,0.036784803,0.032569238,0.038731038,0.036816043,0.034367365,0.03355293,0.036340869,0.035493005,0.038959072,0.110970748,0.120165076,0.11701248,0.121531526,0.117853555,0.124842065,0.121857722,0.119166985,0.116350922,0.118512871,0.11674009,0.120544228,0.173001132,0.192469448,0.182097417,0.190328049,0.179629112,0.194808025,0.189824573,0.183890196,0.181322967,0.188318931,0.18660742,0.195595911,0.061410441,0.134613415,0.096545466,0.097370923,1.240020643,0.134295222,0.166068663,0.028035752,0.725234329,0.149295807,0.317559127,0.184430973,0.061409643,0.134559379,0.096541597,0.097366722,1.240036524,0.134320098,0.166070111,0.028038437,0.725253852,0.149277687,0.317575968,0.184485081,0.116437762,0.201993134,0.107002226,0.136484546,0.597551166,0.189409132,0.225560409,0.074515017,0.417386556,0.173099677,0.324461528,0.244512742,0.225343648,0.357136388,0.247936906,0.287473459,0.972264981,0.35085095,0.393901849,0.158917497,0.737696235,0.352282051,0.482550446,0.397218571
1,0.03500662,0.002608055,0.035006621,0.002608055,0.117700216,0.00395947,0.185181767,0.007016739,0.280079712,0.314581875,0.280072967,0.314583901,0.244017552,0.139511298,0.42661387,0.207350474,120,20,28,2,1,0.001,0.029695595,0.036881383,0.032972646,0.036528411,0.031801745,0.037919454,0.037247329,0.035250219,0.03315035,0.035590721,0.035031074,0.038010518,0.029695595,0.036881383,0.032972646,0.036528411,0.031801745,0.037919455,0.037247329,0.035250219,0.03315035,0.035590722,0.035031074,0.038010518,0.109077714,0.119359457,0.115311369,0.119921243,0.115834927,0.124013225,0.1220628,0.120134455,0.115292012,0.117263554,0.114872135,0.119259702,0.170416772,0.190358548,0.179857883,0.189403912,0.177340513,0.192839469,0.191237115,0.185620502,0.180114066,0.186595701,0.18509505,0.193301671,0.129193965,0.143775481,0.064464069,0.204601948,1.148953006,0.131357476,0.332366548,0.079902854,0.627953414,0.086065914,0.259065271,0.153256604,0.129182736,0.143710757,0.06445978,0.204599803,1.148950961,0.13135684,0.332365054,0.079910305,0.627965582,0.086098725,0.259016634,0.153258432,0.17766662,0.201684283,0.091563082,0.171376776,0.57775366,0.175652723,0.375769952,0.13851594,0.379012224,0.128025172,0.293641957,0.217548238,0.318393742,0.369508127,0.211105417,0.37722528,0.940999821,0.341554955,0.539792019,0.261354219,0.688798086,0.274776832,0.440893818,0.35496413
1,0.03477263,0.002617468,0.03477263,0.002617468,0.116975401,0.003753269,0.184502898,0.006876486,0.25099791,0.343273998,0.250995158,0.34327512,0.215894147,0.152078973,0.385202571,0.233831068,120,20,29,2,1,0.001,0.030244528,0.03631477,0.032738905,0.035506087,0.031679984,0.037600942,0.038628799,0.03485305,0.032908876,0.034678071,0.033988089,0.03812946,0.030244528,0.03631477,0.032738905,0.035506087,0.031679984,0.037600942,0.038628799,0.03485305,0.032908876,0.034678071,0.033988089,0.03812946,0.109956709,0.117709914,0.114807921,0.118214196,0.116072899,0.122831907,0.122965794,0.118259723,0.1143418,0.115692946,0.113502282,0.119348717,0.172122894,0.188898653,0.179149924,0.186593205,0.177180962,0.191902823,0.194513198,0.184637888,0.179470218,0.184060033,0.182307388,0.193197585,0.026576785,0.129450376,0.038152347,0.055263275,1.240288542,0.093280387,0.325893166,0.055920356,0.524890454,0.144078153,0.244336198,0.133844887,0.026575781,0.129379052,0.038148867,0.055261123,1.240285195,0.09327936,0.325889421,0.055959439,0.524903907,0.144060086,0.2443524,0.133847268,0.071401423,0.19055424,0.072469043,0.091505928,0.572557655,0.128246615,0.369794572,0.114788852,0.353258929,0.15190091,0.282844246,0.191407356,0.158256474,0.350950551,0.169275485,0.215514111,0.971094587,0.27225147,0.533036017,0.223397253,0.634163162,0.334473535,0.428374319,0.331643883
1,0.034157292,0.002205354,0.034157292,0.002205354,0.115644856,0.003218644,0.18288472,0.005886115,0.251386757,0.317109105,0.251379385,0.317113568,0.209141293,0.138892573,0.3836772,0.22721102,120,20,30,2,1,0.001,0.032014083,0.03589554,0.032292342,0.035206665,0.03104943,0.036476457,0.037209024,0.033008434,0.031892656,0.034818578,0.032937581,0.037086716,0.032014083,0.03589554,0.032292342,0.035206664,0.031049429,0.036476457,0.037209024,0.033008434,0.031892655,0.034818578,0.032937582,0.037086716,0.110784113,0.116406162,0.113212122,0.117624873,0.114892702,0.121520552,0.119397421,0.115721871,0.112161477,0.115979871,0.112043379,0.117993734,0.176697466,0.1876243,0.17782356,0.185966121,0.175247033,0.189036581,0.190820191,0.179853078,0.176617156,0.184450044,0.179580206,0.190900902,0.062479644,0.121864347,0.099885478,0.047527682,1.100957172,0.098690874,0.311335308,0.023340923,0.646898172,0.109541266,0.251969445,0.142150775,0.062473373,0.121798692,0.09987666,0.047520047,1.100956089,0.09869382,0.311350561,0.023346624,0.646900238,0.109511121,0.251971386,0.142154004,0.110827645,0.175151271,0.112321745,0.082991608,0.51626225,0.141706651,0.352420633,0.067356284,0.355714096,0.11269331,0.284481468,0.197768559,0.228894159,0.343312095,0.253517239,0.190920526,0.919425506,0.278760356,0.52353831,0.146276035,0.691993695,0.267332313,0.433059714,0.327096457
1,0.033559258,0.002070064,0.033559258,0.002070064,0.114480248,0.003097985,0.181268772,0.005540655,0.235579457,0.278617749,0.235575831,0.278618334,0.203048731,0.129798681,0.377571686,0.212110609,120,20,31,2,1,0.001,0.032352991,0.035022503,0.031633024,0.033965637,0.030405378,0.036013167,0.036117993,0.031905025,0.031503487,0.034058836,0.033061093,0.036671966,0.03235299,0.035022503,0.031633024,0.033965637,0.030405378,0.036013167,0.036117993,0.031905025,0.031503487,0.034058836,0.033061094,0.036671966,0.110252689,0.115779436,0.11218939,0.115289751,0.113157719,0.1207696,0.118390448,0.113711033,0.111201282,0.114430086,0.111836041,0.1167555,0.177818778,0.185371992,0.176049734,0.182672877,0.173174708,0.187792263,0.188169273,0.176774037,0.175662252,0.182311236,0.179836071,0.189592047,0.026631571,0.105572625,0.070893805,0.157580741,1.008637548,0.079647648,0.286137451,0.022038124,0.508358485,0.163558087,0.26128464,0.136612761,0.026628708,0.105509152,0.070890262,0.157573664,1.00863184,0.079648066,0.286141011,0.022037806,0.508361217,0.163537666,0.261277269,0.136673311,0.071448886,0.164223728,0.100685591,0.132309036,0.506550834,0.122840056,0.322815069,0.069293726,0.312222153,0.162240952,0.283318784,0.188635962,0.15673514,0.31956145,0.220929366,0.308889975,0.885964205,0.251725048,0.501599282,0.142061205,0.624721467,0.358149486,0.438951585,0.321572017
1,0.032740966,0.002128431,0.032740966,0.002128431,0.112991646,0.003179904,0.179021931,0.005674262,0.220253043,0.327883829,0.220264587,0.32788519,0.183939224,0.131398615,0.35343409,0.225788409,120,20,32,2,1,0.001,0.030404598,0.035163534,0.031291395,0.033188785,0.029697978,0.034624941,0.035720034,0.031348751,0.03067857,0.032939432,0.032255022,0.035578553,0.030404599,0.035163535,0.031291395,0.033188786,0.029697978,0.034624941,0.035720034,0.031348751,0.03067857,0.032939432,0.032255022,0.035578553,0.107330463,0.115435936,0.110935565,0.113799212,0.111766859,0.118659376,0.116685422,0.11255093,0.109989386,0.112990212,0.110446557,0.11530983,0.172623917,0.185702988,0.175174517,0.180456021,0.171481848,0.183904693,0.186568741,0.175094014,0.173253897,0.179343065,0.177671095,0.186988377,0.023000666,0.086927892,0.148951199,0.05958877,1.192837588,0.075991224,0.209062606,0.026824082,0.461136396,0.116018057,0.155104802,0.087593235,0.023046865,0.086855683,0.148950976,0.059588424,1.192848766,0.076012907,0.209096727,0.026828168,0.461148533,0.116015612,0.155190077,0.087592311,0.068297758,0.139343661,0.138670177,0.097326243,0.540872786,0.113519175,0.263711768,0.071370002,0.279973062,0.137018145,0.211227985,0.145939923,0.146153489,0.292650495,0.311899597,0.20856032,0.956981572,0.238433298,0.440017785,0.154918523,0.586243797,0.299131563,0.352083023,0.254135617
1,0.032178151,0.001968508,0.032178151,0.001968508,0.112048806,0.003191098,0.177504374,0.005326287,0.194634782,0.266326954,0.194632928,0.26633141,0.173770779,0.117301569,0.336064065,0.202813648,120,20,33,2,1,0.001,0.0295251,0.033978874,0.030864581,0.032835462,0.029371207,0.034398574,0.033898942,0.03026306,0.031037456,0.03251589,0.032215699,0.035232963,0.029525099,0.033978874,0.030864581,0.032835461,0.029371208,0.034398573,0.033898942,0.030263061,0.031037457,0.03251589,0.032215699,0.035232963,0.105713668,0.114514669,0.110026148,0.113821525,0.110904102,0.118060346,0.114794525,0.110810812,0.109895571,0.111425549,0.110454006,0.114164751,0.170174688,0.182708169,0.173987016,0.179686942,0.170415251,0.183512673,0.18183923,0.172054315,0.174426156,0.177957588,0.177444053,0.18584641,0.022854813,0.062678735,0.148413065,0.049351977,0.963013481,0.081056438,0.143463654,0.025518946,0.443406552,0.123627189,0.165809651,0.106422883,0.022848476,0.062607773,0.148412775,0.049349283,0.963011786,0.081060111,0.143474975,0.0255201,0.44342938,0.123621656,0.165825362,0.106433453,0.070581039,0.113868971,0.14549932,0.084043184,0.483079653,0.120376631,0.2099775,0.07157018,0.290008827,0.122439767,0.214285963,0.159518308,0.145773607,0.245860526,0.310908012,0.189222829,0.86601238,0.257602532,0.36656517,0.15322594,0.578127306,0.282689785,0.353711367,0.283069323
1,0.031731627,0.002003174,0.031731627,0.002003174,0.111041654,0.003329971,0.176169148,0.005493061,0.249089859,0.337591719,0.249103284,0.337597474,0.189571532,0.138048524,0.364107711,0.243760959,120,20,34,2,1,0.001,0.02898038,0.033565083,0.030313019,0.031579238,0.028849365,0.034380623,0.033599755,0.03032325,0.030674471,0.031834278,0.031912955,0.034767102,0.028980379,0.033565083,0.030313019,0.031579238,0.028849365,0.034380623,0.033599755,0.03032325,0.030674471,0.031834278,0.031912955,0.034767102,0.104545043,0.113551688,0.108636065,0.110898337,0.109520737,0.117416792,0.114256964,0.110278508,0.108956192,0.110419326,0.110116194,0.113904007,0.168352345,0.181311686,0.172335898,0.175816425,0.168769106,0.183126031,0.181328587,0.172087126,0.173239121,0.17615945,0.176720081,0.184783922,0.017504341,0.054518382,0.040064598,0.532918969,1.13090825,0.083360749,0.141562026,0.02407246,0.579727484,0.095134883,0.233554975,0.055751195,0.017498911,0.054505907,0.040068597,0.532923188,1.13092242,0.083371036,0.141581165,0.024075415,0.579760987,0.095132922,0.233643807,0.055755049,0.056460659,0.105870315,0.074466125,0.307936907,0.514102346,0.132016073,0.192702971,0.069484337,0.335956202,0.120661891,0.247057642,0.11814291,0.128099972,0.228269528,0.168293858,0.584533675,0.928324511,0.262886834,0.356027428,0.148705821,0.658694017,0.272826789,0.410654905,0.221975193
1,0.031093074,0.001729541,0.031093074,0.001729541,0.109748239,0.002761056,0.174402363,0.00477812,0.243231868,0.303855069,0.243240422,0.303856796,0.193547075,0.122184988,0.374765517,0.218623659,120,20,35,2,1,0.001,0.028463864,0.032082395,0.030609897,0.031784963,0.028194645,0.033372975,0.032617435,0.0298948,0.030394082,0.031147961,0.030926436,0.033627438,0.028463864,0.032082394,0.030609897,0.031784964,0.028194645,0.033372974,0.032617435,0.029894799,0.030394082,0.031147961,0.030926436,0.033627438,0.104242334,0.111397449,0.108307013,0.110736455,0.108210953,0.115223487,0.11227049,0.108998431,0.108260436,0.108942353,0.108575803,0.11181366,0.166771952,0.177380487,0.173142584,0.176338541,0.166957297,0.180444696,0.178549581,0.170753662,0.172467448,0.174348358,0.174034463,0.181639292,0.028705349,0.040306811,0.211763125,0.316656942,1.045772051,0.13007939,0.10628065,0.033986995,0.639864207,0.139231022,0.130290546,0.095845326,0.028700968,0.040236062,0.211762851,0.316647194,1.045782917,0.130089794,0.1062917,0.033981025,0.639873617,0.139225969,0.130371535,0.095921427,0.075937177,0.086214547,0.165526515,0.283670694,0.493584652,0.160023793,0.162494238,0.083087304,0.337354643,0.144008668,0.186804346,0.14385832,0.161461656,0.189973409,0.370673538,0.481259766,0.896264585,0.308716279,0.312432499,0.170369691,0.686466283,0.32645152,0.319403505,0.27371347
1,0.030705293,0.001677176,0.030705293,0.001677176,0.109066727,0.002931931,0.173354878,0.0046908,0.245645729,0.334486892,0.245643445,0.334495676,0.18774573,0.130367249,0.369361549,0.233385577,120,20,36,2,1,0.001,0.027744074,0.031912799,0.030691525,0.030735898,0.028123207,0.033272247,0.032004175,0.029649383,0.030111776,0.031163344,0.030356785,0.032698307,0.027744074,0.031912798,0.030691525,0.030735898,0.028123207,0.033272247,0.032004175,0.029649383,0.030111776,0.031163344,0.030356785,0.032698307,0.103089068,0.111428908,0.108460565,0.109455478,0.107463833,0.115033051,0.111499194,0.108886288,0.10741218,0.108408604,0.107199182,0.110464377,0.164757164,0.177069283,0.173261877,0.173449573,0.166688794,0.180506557,0.176938786,0.170364064,0.171907265,0.174203993,0.172060652,0.179050524,0.017853309,0.051660926,0.462936686,0.120411588,1.16357743,0.183449469,0.107172173,0.024556615,0.545183311,0.088104564,0.120085225,0.062757451,0.017839648,0.051584588,0.46293579,0.120449175,1.163593156,0.18344868,0.107165585,0.024554746,0.54519928,0.088102482,0.120074583,0.062773631,0.050824084,0.104821742,0.287937731,0.166893391,0.524514572,0.182999719,0.161672961,0.069220784,0.296549958,0.113945322,0.178802665,0.114765833,0.129230313,0.218605444,0.54462058,0.315855973,0.945621665,0.376414466,0.31264535,0.150640149,0.632796795,0.26536261,0.303103512,0.237441729
1,0.030436218,0.001554427,0.030436218,0.001554427,0.108385758,0.002807222,0.172507916,0.004245332,0.271016593,0.330740091,0.27102637,0.330745603,0.213491889,0.144956641,0.393500477,0.236230131,120,20,37,2,1,0.001,0.028243948,0.031343531,0.030338756,0.029923694,0.028253171,0.033591804,0.031535846,0.029603637,0.029448713,0.030857876,0.030009323,0.032084321,0.028243947,0.031343531,0.030338756,0.029923694,0.028253171,0.033591804,0.031535847,0.029603637,0.029448714,0.030857876,0.030009323,0.032084321,0.103402949,0.11010868,0.107474706,0.107629469,0.107740599,0.1150761,0.110279291,0.108530175,0.106480057,0.107478101,0.106767213,0.109661763,0.166087144,0.17538923,0.172287169,0.171256846,0.167073194,0.181013206,0.175445417,0.170203531,0.169709846,0.173244083,0.171256168,0.177129154,0.019392803,0.051921551,0.43854513,0.660483793,1.118248634,0.073496824,0.094511942,0.02013362,0.341985878,0.072187882,0.166579527,0.194711534,0.019386964,0.051939372,0.438543656,0.660477435,1.118283826,0.073522163,0.09454224,0.020127622,0.342028808,0.072184019,0.166593385,0.194686954,0.058744482,0.106269263,0.318080455,0.411959416,0.521169234,0.124605908,0.146768456,0.058971031,0.236249387,0.106376976,0.209581973,0.263126088,0.13576519,0.213421848,0.543614327,0.67240608,0.928888397,0.262161921,0.296796802,0.137023333,0.512875305,0.254547479,0.351923978,0.41258106
1,0.029954829,0.001456338,0.029954829,0.001456338,0.107336139,0.002683616,0.171129997,0.004064537,0.212323664,0.295255041,0.212322416,0.295266932,0.188547019,0.135651309,0.353472687,0.218302762,120,20,38,2,1,0.001,0.027498657,0.031118687,0.030176738,0.02946463,0.027680016,0.032245912,0.031216634,0.029583437,0.02928779,0.030010107,0.029526933,0.031648412,0.027498657,0.031118687,0.030176738,0.029464631,0.027680015,0.032245912,0.031216634,0.029583437,0.02928779,0.030010107,0.029526933,0.031648412,0.101970259,0.109593,0.10698826,0.106257916,0.105927527,0.112539167,0.109907708,0.10791655,0.105766052,0.106203657,0.106023287,0.108940284,0.163846787,0.174558286,0.171665118,0.169987016,0.165276346,0.177315514,0.174785759,0.169898524,0.169339091,0.1709706,0.169957827,0.175959102,0.026041826,0.058411274,0.047483143,0.12607778,1.064639051,0.063324064,0.085509864,0.06307587,0.425042805,0.114846026,0.129501666,0.343930593,0.026030703,0.058323725,0.047526212,0.126070145,1.064660953,0.063342332,0.085506075,0.063068865,0.425050178,0.114845085,0.129460923,0.343983798,0.075492192,0.111332941,0.08774355,0.169466041,0.501980209,0.090053296,0.133429954,0.107293183,0.277371171,0.127970715,0.182207166,0.398223813,0.154123207,0.221687831,0.192063904,0.318535465,0.905447019,0.220193697,0.277292083,0.217328807,0.56831672,0.295529419,0.312978187,0.55817591
1,0.029832001,0.001345958,0.029832001,0.001345958,0.106870918,0.002456543,0.170831279,0.003771011,0.192811984,0.307356706,0.192805547,0.307359942,0.160675904,0.127082613,0.320495046,0.226379298,120,20,39,2,1,0.001,0.027414179,0.030945042,0.030290348,0.030031801,0.027525411,0.031514839,0.031237562,0.02905857,0.029690199,0.03021612,0.029129754,0.030930188,0.027414179,0.030945043,0.030290348,0.030031801,0.027525411,0.031514838,0.031237562,0.02905857,0.029690199,0.03021612,0.029129753,0.030930188,0.101674318,0.108859372,0.107825932,0.106664197,0.10563123,0.111381351,0.109107185,0.107157337,0.105899533,0.105997972,0.104595126,0.107657467,0.163744802,0.17406229,0.172385124,0.171529296,0.164890601,0.175507303,0.174593969,0.168574494,0.170243183,0.171595002,0.168702009,0.174147273,0.018057776,0.034029539,0.102915278,0.099009911,1.064943769,0.0480563,0.072246576,0.02046479,0.527560476,0.055787883,0.094890587,0.175780927,0.01805609,0.033943019,0.102901256,0.099004663,1.064942119,0.048073799,0.07228283,0.020468299,0.527560762,0.05578374,0.094852635,0.17579735,0.059052359,0.082323549,0.125791448,0.14246348,0.498596387,0.081252831,0.12079444,0.062281115,0.28754974,0.083247166,0.149007952,0.235750388,0.130632216,0.171620057,0.254159273,0.282937754,0.906584914,0.201517156,0.258907483,0.137959231,0.616496719,0.220711454,0.272695455,0.391718844
1,0.029607163,0.001460285,0.029607163,0.001460285,0.106234175,0.002560727,0.17012651,0.004040628,0.263740183,0.325743483,0.263747655,0.32575017,0.204394477,0.137168593,0.387176779,0.232412784,120,20,40,2,1,0.001,0.027218813,0.031254598,0.03110453,0.02907292,0.026813452,0.031215559,0.030510961,0.028786517,0.029542295,0.029689933,0.029687268,0.03038911,0.027218813,0.031254598,0.03110453,0.02907292,0.026813452,0.031215559,0.030510961,0.028786517,0.029542295,0.029689934,0.029687268,0.03038911,0.101051428,0.10950018,0.107700813,0.104661083,0.103914338,0.110691612,0.107949255,0.106630818,0.105771332,0.105205598,0.10565954,0.106074109,0.163168769,0.175004653,0.174257132,0.168574627,0.162771366,0.174433747,0.172446453,0.167943158,0.170140602,0.17003496,0.170369002,0.172373651,0.020908539,0.050872698,0.357530435,0.197707957,1.119294036,0.053979122,0.110314171,0.03000869,0.650274715,0.075674187,0.176994784,0.32132286,0.020898005,0.050822131,0.357526399,0.197743493,1.119311895,0.05399139,0.110339566,0.0300028,0.650280694,0.075677771,0.177008088,0.321369627,0.06771027,0.110689894,0.193969912,0.234476599,0.506607887,0.082098929,0.165341557,0.078875902,0.322095592,0.102883193,0.208236497,0.379747494,0.141028983,0.217344518,0.444291289,0.396107762,0.922239002,0.209685721,0.318109616,0.163857009,0.682427116,0.253550701,0.358313598,0.539166035
1,0.029078874,0.001367037,0.029078874,0.001367037,0.105189366,0.00257133,0.168627605,0.003857043,0.242551716,0.287520674,0.242549178,0.287529326,0.196164369,0.126749706,0.373017916,0.219930283,120,20,41,2,1,0.001,0.026974874,0.029914471,0.0298776,0.028438449,0.026694404,0.031079502,0.030524971,0.028748979,0.029364337,0.029726058,0.027841995,0.029760852,0.026974874,0.029914471,0.0298776,0.028438449,0.026694404,0.031079502,0.03052497,0.028748979,0.029364337,0.029726058,0.027841995,0.029760852,0.100617654,0.107307641,0.106263798,0.1035405,0.103358563,0.110197879,0.107582774,0.106114907,0.105141785,0.104615612,0.102340714,0.105190565,0.162432434,0.17136363,0.171179452,0.166685573,0.162435043,0.174034956,0.172734592,0.167630876,0.169352442,0.170273132,0.164779674,0.170629455,0.018277145,0.029076181,0.358527914,0.319839796,1.006112505,0.069825986,0.096816948,0.043875336,0.514272096,0.079808613,0.103379846,0.270808224,0.018266183,0.029015565,0.358511661,0.319838716,1.006124265,0.069834249,0.096807406,0.043869583,0.514271999,0.079804517,0.103370479,0.270875518,0.061608509,0.075745714,0.212062313,0.268483049,0.486357955,0.111945701,0.147515919,0.100062845,0.2816688,0.112476637,0.158492472,0.337552515,0.131286953,0.15615272,0.488572053,0.466168322,0.876988588,0.240106364,0.294660609,0.187744881,0.6106488,0.257636017,0.277141611,0.489108076
1,0.028771052,0.001217615,0.028771052,0.001217614,0.104464518,0.002338716,0.167727472,0.003453086,0.207516443,0.324343922,0.207508054,0.324349222,0.178689165,0.144817811,0.335710191,0.236230594,120,20,42,2,1,0.001,0.026680435,0.029589779,0.029220844,0.028744725,0.026658936,0.030532693,0.030056521,0.028519983,0.028742214,0.029361148,0.027749022,0.029396326,0.026680435,0.029589779,0.029220844,0.028744726,0.026658936,0.030532692,0.030056521,0.028519983,0.028742214,0.029361147,0.027749021,0.029396326,0.099868027,0.106164054,0.104604924,0.104158848,0.102751644,0.109227355,0.106411842,0.105573093,0.103909723,0.104014433,0.102260232,0.104630042,0.161490669,0.170310549,0.168900728,0.167912169,0.162079399,0.172679579,0.171329395,0.16694322,0.167724753,0.169048326,0.164729629,0.169581245,0.016882659,0.033025561,0.047224467,0.127423398,1.15915136,0.068553084,0.052461983,0.037345335,0.419643115,0.05955339,0.156914131,0.312018829,0.016869282,0.032938559,0.047207305,0.127423096,1.159149617,0.068552275,0.052454474,0.037366827,0.41965719,0.05955104,0.156915863,0.312011124,0.059537483,0.076279647,0.082966144,0.169180311,0.529660553,0.106714847,0.104227851,0.092892406,0.258965547,0.0855306,0.199826405,0.378488181,0.126922952,0.166625536,0.178739672,0.317342932,0.945085731,0.237399692,0.22363954,0.178379124,0.559223584,0.225070499,0.344371792,0.525721232
1,0.028729808,0.001221674,0.028729808,0.001221674,0.104139543,0.002335381,0.167613082,0.003371386,0.215149007,0.315014854,0.215152906,0.315020286,0.176489034,0.127473527,0.341753284,0.228616732,120,20,43,2,1,0.001,0.026639786,0.029713797,0.028745838,0.028817227,0.026813149,0.030718746,0.029973189,0.028427078,0.027873594,0.029322641,0.028269229,0.029443418,0.026639786,0.029713797,0.028745838,0.028817227,0.026813149,0.030718746,0.029973189,0.028427078,0.027873594,0.029322642,0.028269229,0.029443418,0.099842073,0.105986045,0.103644127,0.103576038,0.103196584,0.109115037,0.106226308,0.105476835,0.102560945,0.103519039,0.102440656,0.104090827,0.161480447,0.17030917,0.167715375,0.16768515,0.162910944,0.173219136,0.170959569,0.166962756,0.16515205,0.169098181,0.166128037,0.169736175,0.02195881,0.046208541,0.039577093,0.208033399,1.096923928,0.089426249,0.052482453,0.023025623,0.557295237,0.084794541,0.151458632,0.210603576,0.021999476,0.046140363,0.039566346,0.208054252,1.096937418,0.089431413,0.052505153,0.023024813,0.557312475,0.084795002,0.151460352,0.21060781,0.066678748,0.099222603,0.073178569,0.208522702,0.493597141,0.126473219,0.099794331,0.070954018,0.3013912,0.113936695,0.191757459,0.272361718,0.142960734,0.200698373,0.167311554,0.383356222,0.911563924,0.266271257,0.223265209,0.146540381,0.638981241,0.267067686,0.329192457,0.423830374
1,0.028447984,0.001208375,0.028447984,0.001208375,0.103498586,0.002331757,0.166742992,0.003336356,0.226703189,0.298968445,0.226697925,0.298980206,0.187038963,0.137274706,0.353863591,0.229376441,120,20,44,2,1,0.001,0.026395929,0.029758869,0.028310318,0.028047409,0.026347127,0.029819182,0.029850822,0.028751652,0.027920914,0.028916294,0.027908658,0.029348637,0.026395929,0.029758869,0.028310318,0.028047409,0.026347128,0.029819182,0.029850822,0.028751652,0.027920914,0.028916294,0.027908659,0.029348637,0.09926826,0.105897968,0.102154565,0.101990988,0.102321739,0.107352275,0.105890342,0.105929474,0.102602916,0.102811565,0.101838738,0.103924204,0.16079135,0.170623617,0.166231138,0.165443954,0.161386566,0.170469479,0.17058704,0.167924617,0.165379261,0.167715047,0.165172898,0.169190935,0.014799332,0.035131613,0.409585933,0.119803334,1.00962828,0.062680638,0.051806563,0.036029112,0.540624434,0.052713817,0.096543376,0.291091838,0.014786265,0.035033662,0.409615625,0.119803144,1.00963897,0.062693499,0.051803004,0.036028367,0.540641923,0.052711713,0.096544119,0.291074802,0.050561818,0.082114957,0.293044664,0.173503059,0.486622406,0.101987629,0.097538683,0.084814524,0.302868735,0.078683286,0.149948599,0.342779193,0.118647041,0.172280971,0.522803427,0.310165678,0.877239913,0.227970649,0.221227488,0.177852486,0.627931347,0.216950663,0.273403572,0.499889853
1,0.028205016,0.001157452,0.028205016,0.001157452,0.102980777,0.002264774,0.166009968,0.003306038,0.201528524,0.28283509,0.201526481,0.282837405,0.184738216,0.121141548,0.345997142,0.203673265,120,20,45,2,1,0.001,0.026018683,0.029217944,0.028700365,0.027899507,0.026493854,0.029305259,0.029534707,0.027937799,0.027543743,0.028830799,0.027587693,0.029389836,0.026018683,0.029217944,0.028700365,0.027899507,0.026493853,0.029305259,0.029534707,0.027937799,0.027543742,0.028830799,0.027587693,0.029389836,0.098453335,0.105266772,0.103306749,0.101617739,0.102064301,0.106360667,0.105497139,0.104513787,0.101130908,0.102393809,0.101221311,0.10394281,0.159493794,0.169262771,0.16755936,0.165239333,0.161636274,0.168957506,0.169737992,0.16531192,0.163996182,0.167371209,0.164046569,0.169506707,0.023967799,0.046355132,0.100189565,0.23444713,1.053246527,0.08491209,0.069012641,0.079524704,0.312054687,0.07149391,0.098753385,0.244384717,0.023957711,0.04628541,0.100189136,0.234450769,1.053244716,0.084916108,0.069037006,0.079571517,0.312068364,0.071493745,0.098716761,0.244386531,0.071124145,0.097580084,0.143616954,0.245025621,0.496556264,0.116101291,0.120185138,0.126169012,0.235704242,0.104050146,0.150417609,0.310328091,0.150730494,0.20335499,0.264026482,0.418956572,0.897862406,0.253937061,0.252860331,0.243206828,0.496762645,0.237356159,0.27118832,0.461723412
1,0.028103132,0.00118086,0.028103132,0.00118086,0.102603884,0.002353051,0.165737429,0.003288564,0.245352851,0.313602698,0.24534727,0.313609571,0.198870499,0.131433466,0.37373105,0.231107433,120,20,46,2,1,0.001,0.026526783,0.029131519,0.028947461,0.027319061,0.025890509,0.029298296,0.029429435,0.028789829,0.027844188,0.028832533,0.026967358,0.028260611,0.026526784,0.029131519,0.028947461,0.027319061,0.025890509,0.029298296,0.029429435,0.028789829,0.027844188,0.028832533,0.026967358,0.028260611,0.098852953,0.104801954,0.103414107,0.100659028,0.100916684,0.106476455,0.104945362,0.105050116,0.101813702,0.102234481,0.099898817,0.102182948,0.161081456,0.168749285,0.168453245,0.163342815,0.160104115,0.169175964,0.169387201,0.167401111,0.16512772,0.167569144,0.16233445,0.166122648,0.039503001,0.028988687,0.157420913,0.243119121,1.076209665,0.097019355,0.05863526,0.01938386,0.623118803,0.101096836,0.142446084,0.357292632,0.039498611,0.028921937,0.157398595,0.243118909,1.076217801,0.097049228,0.058631698,0.019376194,0.623125592,0.101096768,0.142446733,0.357285174,0.092393494,0.068471397,0.202964596,0.226601124,0.462991935,0.135602128,0.109876012,0.064851588,0.313970148,0.126469612,0.177683497,0.404570461,0.186112256,0.152260846,0.359040347,0.410436945,0.900474043,0.275066313,0.234858665,0.135230305,0.672173056,0.280004708,0.313413733,0.565701375
1,0.028114352,0.001177346,0.028114352,0.001177346,0.10242098,0.002237151,0.165686782,0.003280023,0.253825408,0.31896304,0.25383354,0.318965268,0.194047261,0.128187878,0.375396382,0.232397554,120,20,47,2,1,0.001,0.026223754,0.028437189,0.029740291,0.027430466,0.02614307,0.029478189,0.028980066,0.028456088,0.028612549,0.028563524,0.026956857,0.028350183,0.026223754,0.028437189,0.029740291,0.027430466,0.026143069,0.029478189,0.028980065,0.028456088,0.028612549,0.028563524,0.026956857,0.028350183,0.098700699,0.103436724,0.104489275,0.100723105,0.100936931,0.106215535,0.104235251,0.104405879,0.10270526,0.101623927,0.099534797,0.102044382,0.16031207,0.166786919,0.170344208,0.16356579,0.160746297,0.169463652,0.168080003,0.166424598,0.167121943,0.166699353,0.162063236,0.166633311,0.01449571,0.029776146,0.792981017,0.14295162,1.004379698,0.118410534,0.048861874,0.026703074,0.339298007,0.114318687,0.173613978,0.240114547,0.014490665,0.029764777,0.792960134,0.142974705,1.004404464,0.118418998,0.048857642,0.026695735,0.339325108,0.114318774,0.173667209,0.240124263,0.047840811,0.081042339,0.303623391,0.187432069,0.493287208,0.155587641,0.096060991,0.073115491,0.243515046,0.132114331,0.207583006,0.307364813,0.116583968,0.159519353,0.704579061,0.333354761,0.883627609,0.302050621,0.215825624,0.156133593,0.518274633,0.300317075,0.356836809,0.457653472
1,0.027891392,0.001186977,0.027891392,0.001186977,0.101799146,0.002131377,0.165006674,0.003329587,0.233077038,0.305987944,0.233074009,0.30599218,0.199441002,0.13809464,0.365282625,0.226154083,120,20,48,2,1,0.001,0.026468449,0.028816991,0.029566869,0.026785958,0.025745933,0.029234542,0.028390145,0.027902142,0.028158694,0.028644911,0.026794032,0.028188039,0.026468448,0.028816991,0.029566869,0.026785957,0.025745933,0.029234542,0.028390146,0.027902142,0.028158694,0.028644911,0.026794032,0.028188039,0.098792915,0.103630163,0.103876269,0.099280848,0.100096567,0.105508857,0.103223933,0.103234063,0.102023137,0.101369412,0.099469188,0.101084399,0.160904691,0.167973468,0.16981887,0.161777914,0.15934704,0.168700784,0.166451325,0.164905246,0.166063742,0.166677215,0.161755842,0.165703946,0.014669248,0.027537591,0.23238834,0.372564026,1.12119811,0.085357208,0.076666817,0.030223437,0.31091657,0.080783859,0.136195428,0.308423823,0.014658395,0.027469578,0.232372245,0.372585362,1.121196375,0.085385504,0.076662308,0.030219277,0.310918402,0.080783091,0.136210232,0.308427337,0.049132058,0.077223908,0.23782644,0.30525238,0.507266435,0.132775083,0.128408947,0.079481559,0.225739792,0.100664685,0.176931248,0.372589491,0.118466947,0.151691213,0.42153347,0.512251793,0.923722319,0.261765865,0.263844804,0.164671334,0.488128614,0.244748147,0.308181716,0.524385277
1,0.027549379,0.00102825,0.027549379,0.001028251,0.101177733,0.001879555,0.16403874,0.002852026,0.258160679,0.336073094,0.25815931,0.336084549,0.208195941,0.145557796,0.382923497,0.239488551,120,20,49,2,1,0.001,0.026188443,0.028211273,0.027888001,0.027062637,0.025597764,0.028667331,0.028694774,0.027223735,0.027353524,0.028424211,0.026720757,0.028560103,0.026188443,0.028211273,0.027888001,0.027062637,0.025597764,0.028667331,0.028694774,0.027223735,0.027353524,0.028424211,0.026720757,0.028560103,0.097927201,0.102422149,0.101362679,0.099715909,0.100155007,0.104594596,0.103483802,0.102024953,0.100710081,0.101065073,0.098892038,0.101779311,0.160012535,0.166053107,0.16537309,0.162370002,0.159053484,0.167113193,0.167275747,0.162953293,0.163610774,0.166196791,0.161602585,0.166850277,0.021083186,0.035240118,0.11175676,0.378016592,1.182405696,0.099824725,0.113187987,0.038605448,0.551142114,0.048102015,0.153897874,0.364665638,0.021075503,0.035157033,0.11175182,0.378016331,1.182435154,0.09983543,0.113227331,0.038601182,0.551144072,0.048102474,0.153898504,0.364666883,0.065657243,0.084636455,0.157896269,0.297795321,0.518275688,0.135555913,0.157676272,0.09427602,0.307748592,0.073424418,0.193110755,0.412298352,0.142223642,0.177746336,0.302345244,0.508207379,0.945357588,0.277897145,0.312316316,0.180443184,0.636243355,0.203279835,0.334843073,0.574178865
1,0.027459896,0.00107208,0.027459896,0.00107208,0.101025418,0.002094992,0.163824853,0.003028515,0.217666406,0.274462412,0.21767523,0.274463874,0.187614705,0.1218776,0.355821088,0.212386665,120,20,50,2,1,0.001,0.025936758,0.028012226,0.027809025,0.027123126,0.025644984,0.029009553,0.02860953,0.027199566,0.026979294,0.027976654,0.026570911,0.028647118,0.025936758,0.028012226,0.027809025,0.027123126,0.025644984,0.029009553,0.02860953,0.027199566,0.026979295,0.027976653,0.026570911,0.028647119,0.097586136,0.10197222,0.101167597,0.099463856,0.099987134,0.104844397,0.103194428,0.102182195,0.099857151,0.100945605,0.098364617,0.102739678,0.159311234,0.165505302,0.164906151,0.16278558,0.159210956,0.168024646,0.167138663,0.163069101,0.162504921,0.165097937,0.160903671,0.16744008,0.018870398,0.039756292,0.330266203,0.1230433,0.978921965,0.125222304,0.051136264,0.017171987,0.458392294,0.085045032,0.153424913,0.230745925,0.01886394,0.039743815,0.330254673,0.123039776,0.978922586,0.125228657,0.051126323,0.017165349,0.458403478,0.085043847,0.153498308,0.230812005,0.062904939,0.090189382,0.262908117,0.172339843,0.479633924,0.158370116,0.097592277,0.06041597,0.262873723,0.114856477,0.196832675,0.292459012,0.134358244,0.188264937,0.483868373,0.313417627,0.867526359,0.306669988,0.215985197,0.127284313,0.573566347,0.269194243,0.336259632,0.453457796
1,0.027459896,0.00107208,0.027459896,0.00107208,0.101025418,0.002094992,0.163824853,0.003028515,0.217695588,0.274182724,0.217695588,0.274182724,0.184927337,0.121339477,0.355484656,0.211173022,120,20,50,2,1,0.001,0.025936758,0.028012226,0.027809025,0.027123126,0.025644984,0.029009553,0.02860953,0.027199566,0.026979294,0.027976654,0.026570911,0.028647118,0.025936758,0.028012226,0.027809025,0.027123126,0.025644984,0.029009553,0.02860953,0.027199566,0.026979295,0.027976653,0.026570911,0.028647119,0.097586136,0.10197222,0.101167597,0.099463856,0.099987134,0.104844397,0.103194428,0.102182195,0.099857151,0.100945605,0.098364617,0.102739678,0.159311234,0.165505302,0.164906151,0.16278558,0.159210956,0.168024646,0.167138663,0.163069101,0.162504921,0.165097937,0.160903671,0.16744008,0.019169608,0.044025209,0.329877888,0.122653854,0.978945274,0.125881885,0.051950406,0.017650602,0.458671256,0.085005655,0.150319023,0.228196393,0.019169608,0.044025209,0.329877888,0.122653854,0.978945274,0.125881885,0.051950406,0.017650602,0.458671256,0.085005655,0.150319023,0.228196393,0.060064908,0.091500522,0.260610735,0.169658986,0.476943405,0.156995257,0.094663821,0.058495156,0.260941519,0.112396577,0.189818676,0.287038481,0.135273755,0.197729111,0.482386809,0.312035807,0.867595602,0.308600718,0.218239216,0.128835358,0.574400448,0.269069985,0.32554058,0.44610848
1,0.207115128,0.034349686,0.207115128,0.034349686,0.219651297,0.016602207,0.370047598,0.026643891,0.151525339,0.134021103,0.151525339,0.134021103,0.192709559,0.09055231,0.327748295,0.14055707,120,20,1,2,1,5.00E-05,0.215531998,0.210601233,0.221596224,0.185901787,0.110575394,0.187925332,0.224891162,0.217205169,0.212821675,0.241626582,0.229866555,0.226838425,0.215531998,0.210601233,0.221596224,0.185901787,0.110575394,0.187925332,0.224891162,0.217205169,0.212821675,0.241626582,0.229866555,0.226838425,0.219948959,0.2255363,0.215043312,0.199970082,0.177178107,0.22952226,0.224881116,0.227648591,0.227377749,0.2417767,0.226433225,0.220499156,0.377197551,0.374424857,0.367239503,0.340854563,0.297610818,0.37913403,0.382524171,0.384869392,0.374145412,0.400055166,0.382819657,0.379696057,0.063371239,0.080482449,0.157548188,0.275190471,0.472183472,0.085536241,0.037729172,0.029181279,0.205787658,0.060214577,0.070894136,0.28018519,0.063371239,0.080482449,0.157548188,0.275190471,0.472183472,0.085536241,0.037729172,0.029181279,0.205787658,0.060214577,0.070894136,0.28018519,0.130968844,0.158345984,0.221341157,0.304209025,0.343298011,0.150132094,0.100600694,0.102197725,0.2016385,0.127288903,0.129861936,0.342631833,0.237739512,0.269406062,0.365791151,0.463402308,0.622831276,0.266829736,0.189101645,0.165185406,0.402979807,0.228636098,0.234251841,0.486824703
1,0.176437727,0.028869727,0.176437727,0.028869727,0.212407057,0.017570946,0.348381257,0.02645009,0.154253378,0.123772766,0.154253378,0.123772766,0.201754745,0.088084268,0.333826307,0.134633141,120,20,2,2,1,5.00E-05,0.194407894,0.18505826,0.182476352,0.185359995,0.087788569,0.17795944,0.185151847,0.168608496,0.191260298,0.196020022,0.182061447,0.181100101,0.194407894,0.18505826,0.182476352,0.185359995,0.087788569,0.17795944,0.185151847,0.168608496,0.191260298,0.196020022,0.182061447,0.181100101,0.221016962,0.217883761,0.211193826,0.217916245,0.160435374,0.218170987,0.217535181,0.206655653,0.22811275,0.22708107,0.212593953,0.210288921,0.365908129,0.355706867,0.34788099,0.35610183,0.267373587,0.35400328,0.355483968,0.343656728,0.362804647,0.367720882,0.352503644,0.351430527,0.063752739,0.079985608,0.234359736,0.249314622,0.427369995,0.100616759,0.03723832,0.032689295,0.208786182,0.066552249,0.070604477,0.279770551,0.063752739,0.079985608,0.234359736,0.249314622,0.427369995,0.100616759,0.03723832,0.032689295,0.208786182,0.066552249,0.070604477,0.279770551,0.137103758,0.159701773,0.287522023,0.296431232,0.329849463,0.172721311,0.101234161,0.111442189,0.209934042,0.141572018,0.133268699,0.340276267,0.239919292,0.269799293,0.442334328,0.444489077,0.594900807,0.289197336,0.188200231,0.17552052,0.406603853,0.239387377,0.233954574,0.48160899
1,0.172105003,0.025532467,0.172105003,0.025532467,0.211801757,0.014775113,0.345976305,0.021798672,0.156365197,0.12437825,0.156365197,0.12437825,0.203920967,0.087008739,0.337089359,0.134242875,120,20,3,2,1,5.00E-05,0.194486786,0.184948444,0.176956258,0.16291982,0.095038258,0.182060328,0.181087517,0.168674752,0.176724616,0.1840975,0.178040035,0.180225722,0.194486786,0.184948444,0.176956258,0.16291982,0.095038258,0.182060328,0.181087517,0.168674752,0.176724616,0.1840975,0.178040035,0.180225722,0.225330736,0.219236199,0.212031296,0.204056352,0.16936251,0.223412264,0.216765571,0.208286628,0.220600449,0.219059974,0.211736141,0.21174297,0.366894809,0.357278982,0.346992159,0.335214508,0.28155678,0.358817276,0.352644648,0.343710968,0.348959356,0.35612307,0.350849789,0.352673316,0.069728577,0.079073451,0.23744013,0.243721512,0.434369635,0.107386321,0.036665126,0.033196157,0.207119024,0.076227049,0.06720754,0.284247846,0.069728577,0.079073451,0.23744013,0.243721512,0.434369635,0.107386321,0.036665126,0.033196157,0.207119024,0.076227049,0.06720754,0.284247846,0.146450174,0.160414487,0.289097054,0.290080438,0.332142432,0.181205201,0.100859652,0.11293429,0.21030805,0.15248772,0.12862618,0.342445922,0.25177916,0.269466006,0.445742692,0.440064787,0.59919024,0.29807652,0.186936273,0.177343473,0.40756962,0.255392143,0.227772342,0.485739045
1,0.170158324,0.025667651,0.170158324,0.025667651,0.211362507,0.015089836,0.34452841,0.022621989,0.154183822,0.123759119,0.154183822,0.123759119,0.202626263,0.086472463,0.335013761,0.133683818,120,20,4,2,1,5.00E-05,0.178398099,0.184461599,0.178947926,0.165239723,0.090863712,0.181363972,0.177968606,0.170774665,0.170006353,0.184668761,0.177410822,0.181795645,0.178398099,0.184461599,0.178947926,0.165239723,0.090863712,0.181363972,0.177968606,0.170774665,0.170006353,0.184668761,0.177410822,0.181795645,0.216154539,0.219286492,0.215525892,0.207025805,0.165617818,0.22359542,0.215953372,0.2101424,0.214453706,0.220945731,0.212317904,0.215331011,0.353804845,0.357156043,0.350441125,0.33886029,0.275517417,0.356755003,0.350862447,0.345092088,0.341249895,0.358507383,0.350501912,0.355592473,0.070129499,0.080789933,0.233392826,0.245513467,0.428310972,0.080265721,0.036748824,0.033635323,0.208784415,0.081499654,0.067629422,0.283505809,0.070129499,0.080789933,0.233392826,0.245513467,0.428310972,0.080265721,0.036748824,0.033635323,0.208784415,0.081499654,0.067629422,0.283505809,0.14597663,0.162235683,0.28713509,0.290810716,0.328515811,0.159331766,0.102776838,0.112718421,0.213322652,0.158679294,0.128763582,0.341248671,0.252860971,0.272455645,0.442071533,0.441751306,0.594818935,0.262162114,0.187595258,0.178364431,0.410989038,0.26338743,0.230098135,0.483610341
1,0.168864476,0.02475964,0.168864476,0.02475964,0.211118064,0.014086676,0.343340574,0.022044567,0.153885367,0.123691911,0.153885367,0.123691911,0.202870927,0.085994629,0.334996937,0.133690645,120,20,5,2,1,5.00E-05,0.177643679,0.184369805,0.173370628,0.167967276,0.09168925,0.176459999,0.182184315,0.175013886,0.168912021,0.173518353,0.176974622,0.178269873,0.177643679,0.184369805,0.173370628,0.167967276,0.09168925,0.176459999,0.182184315,0.175013886,0.168912021,0.173518353,0.176974622,0.178269873,0.215881485,0.22036034,0.211237412,0.209799835,0.167820243,0.219677701,0.220767908,0.213621993,0.214382431,0.213240505,0.212697529,0.213929387,0.353590455,0.357442695,0.346579952,0.341650266,0.275939269,0.351564526,0.35639967,0.349899585,0.337111484,0.345507142,0.350845426,0.353556414,0.070110078,0.079340612,0.232478026,0.232259932,0.428526948,0.0779863,0.0368041,0.03482686,0.215682192,0.085802621,0.064908679,0.287898059,0.070110078,0.079340612,0.232478026,0.232259932,0.428526948,0.0779863,0.0368041,0.03482686,0.215682192,0.085802621,0.064908679,0.287898059,0.145535745,0.159555934,0.286155806,0.282658773,0.329527925,0.157094322,0.104388641,0.114909532,0.220090322,0.163792291,0.127273163,0.343468672,0.25297322,0.270552395,0.441299197,0.429849075,0.59570113,0.258553517,0.188188719,0.181258722,0.41914773,0.268535333,0.226633144,0.487271066
1,0.167903546,0.025865671,0.167903546,0.025865671,0.210458307,0.015628311,0.342604321,0.023703406,0.154541781,0.123774351,0.154541781,0.123774351,0.202720373,0.085457247,0.335447201,0.133336707,120,20,6,2,1,5.00E-05,0.176842432,0.185694579,0.177469469,0.158120242,0.089118259,0.180781984,0.1799814,0.171212328,0.165519594,0.17490166,0.176333675,0.178866926,0.176842432,0.185694579,0.177469469,0.158120242,0.089118259,0.180781984,0.1799814,0.171212328,0.165519594,0.17490166,0.176333675,0.178866926,0.214872946,0.222340259,0.21405455,0.201862098,0.164076798,0.223803603,0.218545964,0.212674755,0.211605116,0.21367838,0.21279742,0.215187791,0.353505982,0.360002604,0.3495299,0.332012296,0.272190616,0.354687203,0.353411027,0.347610647,0.333150916,0.34987632,0.350496354,0.354777983,0.071198517,0.079684008,0.226879923,0.241511013,0.429956468,0.078291514,0.03666483,0.038556194,0.219151329,0.087760713,0.060874895,0.28397197,0.071198517,0.079684008,0.226879923,0.241511013,0.429956468,0.078291514,0.03666483,0.038556194,0.219151329,0.087760713,0.060874895,0.28397197,0.147189562,0.162030378,0.283195492,0.287972202,0.326788415,0.158111713,0.101532999,0.122709173,0.220029623,0.161193927,0.12092726,0.340963738,0.254784512,0.271571744,0.43613844,0.438520542,0.594973853,0.258787203,0.187316224,0.190315121,0.422415603,0.267820692,0.218440659,0.484281825
1,0.165659296,0.025770666,0.165659296,0.025770666,0.209182156,0.015161375,0.3404274,0.024221446,0.156626551,0.125771882,0.156626551,0.125771882,0.202978744,0.086398595,0.337126674,0.13501209,120,20,7,2,1,5.00E-05,0.177544701,0.183054571,0.17490389,0.157980442,0.090188099,0.162958223,0.18042968,0.167836515,0.153179866,0.183850292,0.17772731,0.178257969,0.177544701,0.183054571,0.17490389,0.157980442,0.090188099,0.162958223,0.18042968,0.167836515,0.153179866,0.183850292,0.17772731,0.178257969,0.215783545,0.220009405,0.213343473,0.201713135,0.16508902,0.210786212,0.218910888,0.210833795,0.202625811,0.220863658,0.214533814,0.215693115,0.353505142,0.357245569,0.347374553,0.332111588,0.273039946,0.337402671,0.354193815,0.345012262,0.319571443,0.359419257,0.351855192,0.354397366,0.07187502,0.077417961,0.231479878,0.248956156,0.433827614,0.080407903,0.036011215,0.040047479,0.229462347,0.086675566,0.059920408,0.283437067,0.07187502,0.077417961,0.231479878,0.248956156,0.433827614,0.080407903,0.036011215,0.040047479,0.229462347,0.086675566,0.059920408,0.283437067,0.148279902,0.156966518,0.284492289,0.292126256,0.32688325,0.158349647,0.099481654,0.123370755,0.227483581,0.157245822,0.121428356,0.339636893,0.255978482,0.268195948,0.439244943,0.444798008,0.596625513,0.261507255,0.185444993,0.193271597,0.434096686,0.264224289,0.218237239,0.48389513
1,0.166686613,0.026302099,0.166686613,0.026302099,0.209858046,0.016150327,0.341828785,0.02488339,0.155978705,0.124044567,0.155978705,0.124044567,0.202751457,0.085141047,0.337025513,0.133467652,120,20,8,2,1,5.00E-05,0.176996052,0.182781964,0.169898184,0.158354458,0.087754603,0.181446838,0.178236085,0.168269418,0.15786966,0.181054137,0.177447388,0.180130566,0.176996052,0.182781964,0.169898184,0.158354458,0.087754603,0.181446838,0.178236085,0.168269418,0.15786966,0.181054137,0.177447388,0.180130566,0.215353247,0.219889025,0.210133093,0.200639055,0.162779667,0.224005154,0.217451482,0.211015467,0.205847113,0.218154262,0.215059349,0.217969636,0.352861055,0.356964847,0.343839086,0.333260877,0.269532802,0.355931851,0.35339104,0.345089892,0.325562277,0.356307314,0.352124354,0.357080029,0.072161789,0.076039681,0.230639079,0.252843812,0.426429301,0.08063531,0.037176632,0.04100729,0.228421793,0.088764328,0.057823199,0.279802244,0.072161789,0.076039681,0.230639079,0.252843812,0.426429301,0.08063531,0.037176632,0.04100729,0.228421793,0.088764328,0.057823199,0.279802244,0.149108292,0.155246934,0.282627069,0.293425022,0.322553548,0.159715643,0.102044189,0.125245406,0.226866864,0.157550986,0.120658889,0.337974642,0.256308234,0.266172592,0.438463211,0.447932251,0.59135672,0.26161066,0.188665188,0.19528149,0.432967183,0.26909837,0.215408059,0.481042197
1,0.166057652,0.027532049,0.166057652,0.027532049,0.20992207,0.017575742,0.340939044,0.026999842,0.143552033,0.114627821,0.143552033,0.114627821,0.193311299,0.072874231,0.324920012,0.124074646,120,20,9,2,1,5.00E-05,0.178077936,0.185642228,0.169979077,0.16103375,0.08425639,0.180716534,0.176473593,0.17014325,0.150424117,0.181752199,0.175765151,0.178427606,0.178077936,0.185642228,0.169979077,0.16103375,0.08425639,0.180716534,0.176473593,0.17014325,0.150424117,0.181752199,0.175765151,0.178427606,0.217136131,0.222444007,0.210197301,0.204074615,0.158672076,0.223736732,0.216028212,0.213010054,0.200536654,0.220845969,0.214673966,0.217709125,0.354251325,0.35984201,0.343352928,0.336048584,0.263631298,0.355206992,0.35183259,0.346077576,0.317459437,0.357282855,0.350564888,0.35571805,0.073452097,0.075797938,0.229500035,0.192646166,0.422710794,0.078789268,0.036343203,0.041969268,0.232366927,0.086663679,0.05702134,0.195363676,0.073452097,0.075797938,0.229500035,0.192646166,0.422710794,0.078789268,0.036343203,0.041969268,0.232366927,0.086663679,0.05702134,0.195363676,0.151327248,0.155969436,0.280793797,0.251788033,0.321081078,0.157738433,0.101700483,0.12677971,0.228763799,0.154402592,0.120522517,0.268868457,0.258402582,0.266029557,0.436356589,0.390429729,0.588693807,0.25813488,0.186755169,0.197435026,0.437063846,0.259829313,0.214829537,0.405080115
